-0.681	12.279	LR
7.089	12.279	LR
14.859	12.279	LR
22.629	12.279	LR
30.399	12.279	LR
38.169	12.279	LR
45.939	12.279	LR
53.709	12.279	LR
61.479	12.279	LR
69.249	12.279	LR
77.019	12.279	LR
84.789	12.279	LR
92.559	12.279	LR
100.329	12.279	LR
108.099	12.279	LR
115.869	12.279	LR
123.639	12.279	LR
131.409	12.279	LR
139.179	12.279	LR
146.949	12.279	LR
154.719	12.279	LR
162.489	12.279	LR
170.259	12.279	LR
178.029	12.279	LR
185.799	12.279	LR
193.569	12.279	LR
201.339	12.279	LR
209.109	12.279	LR
216.879	12.279	LR
224.649	12.279	LR
232.419	12.279	LR
240.189	12.279	LR
247.959	12.279	LR
255.729	12.279	LR
263.499	12.279	LR
271.269	12.279	LR
279.039	12.279	LR
286.809	12.279	LR
3.204	5.550	HR
10.974	5.550	LR
18.744	5.550	HR
26.514	5.550	LR
34.284	5.550	HR
42.054	5.550	LR
49.824	5.550	HR
57.594	5.550	LR
65.364	5.550	HR
73.134	5.550	LR
80.904	5.550	HR
88.674	5.550	LR
96.444	5.550	HR
104.214	5.550	LR
111.984	5.550	HR
119.754	5.550	LR
127.524	5.550	HR
135.294	5.550	LR
143.064	5.550	HR
150.834	5.550	LR
158.604	5.550	HR
166.374	5.550	LR
174.144	5.550	HR
181.914	5.550	LR
189.684	5.550	HR
197.454	5.550	LR
205.224	5.550	HR
212.994	5.550	LR
220.764	5.550	HR
228.534	5.550	LR
236.304	5.550	HR
244.074	5.550	LR
251.844	5.550	HR
259.614	5.550	LR
267.384	5.550	HR
275.154	5.550	LR
282.924	5.550	HR
290.694	5.550	LR
-10.294	-6.729	LR
-14.179	0.000	LR
-18.064	6.729	LR
-21.949	13.458	LR
-25.834	20.187	LR
-29.719	26.916	LR
-33.604	33.645	LR
-37.489	40.374	LR
-41.374	47.103	LR
-45.259	53.832	LR
-49.144	60.561	LR
-53.029	67.290	LR
-56.914	74.019	LR
-60.799	80.748	LR
-64.684	87.477	LR
-68.569	94.206	LR
-72.454	100.935	LR
-76.339	107.664	LR
-80.224	114.393	LR
-84.109	121.122	LR
-87.994	127.851	LR
-91.879	134.580	LR
-95.764	141.309	LR
-99.649	148.038	LR
-103.534	154.767	LR
-107.419	161.496	LR
-111.304	168.225	LR
-115.189	174.954	LR
-119.074	181.683	LR
-122.959	188.412	LR
-126.844	195.142	LR
-130.729	201.871	LR
-134.614	208.600	LR
-138.499	215.329	LR
-142.384	222.058	LR
-146.269	228.787	LR
-150.154	235.516	LR
-154.039	242.245	LR
-6.409	0.000	HR
-10.294	6.729	LR
-14.179	13.458	HR
-18.064	20.187	LR
-21.949	26.916	HR
-25.834	33.645	LR
-29.719	40.374	HR
-33.604	47.103	LR
-37.489	53.832	HR
-41.374	60.561	LR
-45.259	67.290	HR
-49.144	74.019	LR
-53.029	80.748	HR
-56.914	87.477	LR
-60.799	94.206	HR
-64.684	100.935	LR
-68.569	107.664	HR
-72.454	114.393	LR
-76.339	121.122	HR
-80.224	127.851	LR
-84.109	134.580	HR
-87.994	141.309	LR
-91.879	148.038	HR
-95.764	154.767	LR
-99.649	161.496	HR
-103.534	168.225	LR
-107.419	174.954	HR
-111.304	181.683	LR
-115.189	188.412	HR
-119.074	195.142	LR
-122.959	201.871	HR
-126.844	208.600	LR
-130.729	215.329	HR
-134.614	222.058	LR
-138.499	228.787	HR
-142.384	235.516	LR
-146.269	242.245	HR
-150.154	248.974	LR
10.974	-5.550	LR
7.089	-12.279	LR
3.204	-19.008	LR
-0.681	-25.737	LR
-4.566	-32.466	LR
-8.451	-39.195	LR
-12.336	-45.924	LR
-16.221	-52.653	LR
-20.106	-59.382	LR
-23.991	-66.111	LR
-27.876	-72.840	LR
-31.761	-79.569	LR
-35.646	-86.298	LR
-39.531	-93.027	LR
-43.416	-99.756	LR
-47.301	-106.485	LR
-51.186	-113.214	LR
-55.071	-119.943	LR
-58.956	-126.672	LR
-62.841	-133.401	LR
-66.726	-140.130	LR
-70.611	-146.859	LR
-74.496	-153.588	LR
-78.381	-160.317	LR
-82.266	-167.046	LR
-86.151	-173.775	LR
-90.036	-180.504	LR
-93.921	-187.233	LR
-97.806	-193.962	LR
-101.691	-200.691	LR
-105.576	-207.421	LR
-109.461	-214.150	LR
-113.346	-220.879	LR
-117.231	-227.608	LR
-121.116	-234.337	LR
-125.001	-241.066	LR
-128.886	-247.795	LR
-132.771	-254.524	LR
3.204	-5.550	HR
-0.681	-12.279	LR
-4.566	-19.008	HR
-8.451	-25.737	LR
-12.336	-32.466	HR
-16.221	-39.195	LR
-20.106	-45.924	HR
-23.991	-52.653	LR
-27.876	-59.382	HR
-31.761	-66.111	LR
-35.646	-72.840	HR
-39.531	-79.569	LR
-43.416	-86.298	HR
-47.301	-93.027	LR
-51.186	-99.756	HR
-55.071	-106.485	LR
-58.956	-113.214	HR
-62.841	-119.943	LR
-66.726	-126.672	HR
-70.611	-133.401	LR
-74.496	-140.130	HR
-78.381	-146.859	LR
-82.266	-153.588	HR
-86.151	-160.317	LR
-90.036	-167.046	HR
-93.921	-173.775	LR
-97.806	-180.504	HR
-101.691	-187.233	LR
-105.576	-193.962	HR
-109.461	-200.691	LR
-113.346	-207.421	HR
-117.231	-214.150	LR
-121.116	-220.879	HR
-125.001	-227.608	LR
-128.886	-234.337	HR
-132.771	-241.066	LR
-136.656	-247.795	HR
-140.541	-254.524	LR
-8.451	25.737	LR
-0.681	25.737	LR
7.089	25.737	LR
14.859	25.737	LR
22.629	25.737	LR
30.399	25.737	LR
38.169	25.737	LR
45.939	25.737	LR
53.709	25.737	LR
61.479	25.737	LR
69.249	25.737	LR
77.019	25.737	LR
84.789	25.737	LR
92.559	25.737	LR
100.329	25.737	LR
108.099	25.737	LR
115.869	25.737	LR
123.639	25.737	LR
131.409	25.737	LR
139.179	25.737	LR
146.949	25.737	LR
154.719	25.737	LR
162.489	25.737	LR
170.259	25.737	LR
178.029	25.737	LR
185.799	25.737	LR
193.569	25.737	LR
201.339	25.737	LR
209.109	25.737	LR
216.879	25.737	LR
224.649	25.737	LR
232.419	25.737	LR
240.189	25.737	LR
247.959	25.737	LR
255.729	25.737	LR
263.499	25.737	LR
271.269	25.737	LR
279.039	25.737	LR
-4.566	19.008	HR
3.204	19.008	LR
10.974	19.008	HR
18.744	19.008	LR
26.514	19.008	HR
34.284	19.008	LR
42.054	19.008	HR
49.824	19.008	LR
57.594	19.008	HR
65.364	19.008	LR
73.134	19.008	HR
80.904	19.008	LR
88.674	19.008	HR
96.444	19.008	LR
104.214	19.008	HR
111.984	19.008	LR
119.754	19.008	HR
127.524	19.008	LR
135.294	19.008	HR
143.064	19.008	LR
150.834	19.008	HR
158.604	19.008	LR
166.374	19.008	HR
174.144	19.008	LR
181.914	19.008	HR
189.684	19.008	LR
197.454	19.008	HR
205.224	19.008	LR
212.994	19.008	HR
220.764	19.008	LR
228.534	19.008	HR
236.304	19.008	LR
244.074	19.008	HR
251.844	19.008	LR
259.614	19.008	HR
267.384	19.008	LR
275.154	19.008	HR
282.924	19.008	LR
-18.064	-20.187	LR
-21.949	-13.458	LR
-25.834	-6.729	LR
-29.719	0.000	LR
-33.604	6.729	LR
-37.489	13.458	LR
-41.374	20.187	LR
-45.259	26.916	LR
-49.144	33.645	LR
-53.029	40.374	LR
-56.914	47.103	LR
-60.799	53.832	LR
-64.684	60.561	LR
-68.569	67.290	LR
-72.454	74.019	LR
-76.339	80.748	LR
-80.224	87.477	LR
-84.109	94.206	LR
-87.994	100.935	LR
-91.879	107.664	LR
-95.764	114.393	LR
-99.649	121.122	LR
-103.534	127.851	LR
-107.419	134.580	LR
-111.304	141.309	LR
-115.189	148.038	LR
-119.074	154.767	LR
-122.959	161.496	LR
-126.844	168.225	LR
-130.729	174.954	LR
-134.614	181.683	LR
-138.499	188.412	LR
-142.384	195.142	LR
-146.269	201.871	LR
-150.154	208.600	LR
-154.039	215.329	LR
-157.924	222.058	LR
-161.809	228.787	LR
-14.179	-13.458	HR
-18.064	-6.729	LR
-21.949	0.000	HR
-25.834	6.729	LR
-29.719	13.458	HR
-33.604	20.187	LR
-37.489	26.916	HR
-41.374	33.645	LR
-45.259	40.374	HR
-49.144	47.103	LR
-53.029	53.832	HR
-56.914	60.561	LR
-60.799	67.290	HR
-64.684	74.019	LR
-68.569	80.748	HR
-72.454	87.477	LR
-76.339	94.206	HR
-80.224	100.935	LR
-84.109	107.664	HR
-87.994	114.393	LR
-91.879	121.122	HR
-95.764	127.851	LR
-99.649	134.580	HR
-103.534	141.309	LR
-107.419	148.038	HR
-111.304	154.767	LR
-115.189	161.496	HR
-119.074	168.225	LR
-122.959	174.954	HR
-126.844	181.683	LR
-130.729	188.412	HR
-134.614	195.142	LR
-138.499	201.871	HR
-142.384	208.600	LR
-146.269	215.329	HR
-150.154	222.058	LR
-154.039	228.787	HR
-157.924	235.516	LR
26.514	-5.550	LR
22.629	-12.279	LR
18.744	-19.008	LR
14.859	-25.737	LR
10.974	-32.466	LR
7.089	-39.195	LR
3.204	-45.924	LR
-0.681	-52.653	LR
-4.566	-59.382	LR
-8.451	-66.111	LR
-12.336	-72.840	LR
-16.221	-79.569	LR
-20.106	-86.298	LR
-23.991	-93.027	LR
-27.876	-99.756	LR
-31.761	-106.485	LR
-35.646	-113.214	LR
-39.531	-119.943	LR
-43.416	-126.672	LR
-47.301	-133.401	LR
-51.186	-140.130	LR
-55.071	-146.859	LR
-58.956	-153.588	LR
-62.841	-160.317	LR
-66.726	-167.046	LR
-70.611	-173.775	LR
-74.496	-180.504	LR
-78.381	-187.233	LR
-82.266	-193.962	LR
-86.151	-200.691	LR
-90.036	-207.421	LR
-93.921	-214.150	LR
-97.806	-220.879	LR
-101.691	-227.608	LR
-105.576	-234.337	LR
-109.461	-241.066	LR
-113.346	-247.795	LR
-117.231	-254.524	LR
18.744	-5.550	HR
14.859	-12.279	LR
10.974	-19.008	HR
7.089	-25.737	LR
3.204	-32.466	HR
-0.681	-39.195	LR
-4.566	-45.924	HR
-8.451	-52.653	LR
-12.336	-59.382	HR
-16.221	-66.111	LR
-20.106	-72.840	HR
-23.991	-79.569	LR
-27.876	-86.298	HR
-31.761	-93.027	LR
-35.646	-99.756	HR
-39.531	-106.485	LR
-43.416	-113.214	HR
-47.301	-119.943	LR
-51.186	-126.672	HR
-55.071	-133.401	LR
-58.956	-140.130	HR
-62.841	-146.859	LR
-66.726	-153.588	HR
-70.611	-160.317	LR
-74.496	-167.046	HR
-78.381	-173.775	LR
-82.266	-180.504	HR
-86.151	-187.233	LR
-90.036	-193.962	HR
-93.921	-200.691	LR
-97.806	-207.421	HR
-101.691	-214.150	LR
-105.576	-220.879	HR
-109.461	-227.608	LR
-113.346	-234.337	HR
-117.231	-241.066	LR
-121.116	-247.795	HR
-125.001	-254.524	LR
-16.221	39.195	LR
-8.451	39.195	LR
-0.681	39.195	LR
7.089	39.195	LR
14.859	39.195	LR
22.629	39.195	LR
30.399	39.195	LR
38.169	39.195	LR
45.939	39.195	LR
53.709	39.195	LR
61.479	39.195	LR
69.249	39.195	LR
77.019	39.195	LR
84.789	39.195	LR
92.559	39.195	LR
100.329	39.195	LR
108.099	39.195	LR
115.869	39.195	LR
123.639	39.195	LR
131.409	39.195	LR
139.179	39.195	LR
146.949	39.195	LR
154.719	39.195	LR
162.489	39.195	LR
170.259	39.195	LR
178.029	39.195	LR
185.799	39.195	LR
193.569	39.195	LR
201.339	39.195	LR
209.109	39.195	LR
216.879	39.195	LR
224.649	39.195	LR
232.419	39.195	LR
240.189	39.195	LR
247.959	39.195	LR
255.729	39.195	LR
263.499	39.195	LR
271.269	39.195	LR
-12.336	32.466	HR
-4.566	32.466	LR
3.204	32.466	HR
10.974	32.466	LR
18.744	32.466	HR
26.514	32.466	LR
34.284	32.466	HR
42.054	32.466	LR
49.824	32.466	HR
57.594	32.466	LR
65.364	32.466	HR
73.134	32.466	LR
80.904	32.466	HR
88.674	32.466	LR
96.444	32.466	HR
104.214	32.466	LR
111.984	32.466	HR
119.754	32.466	LR
127.524	32.466	HR
135.294	32.466	LR
143.064	32.466	HR
150.834	32.466	LR
158.604	32.466	HR
166.374	32.466	LR
174.144	32.466	HR
181.914	32.466	LR
189.684	32.466	HR
197.454	32.466	LR
205.224	32.466	HR
212.994	32.466	LR
220.764	32.466	HR
228.534	32.466	LR
236.304	32.466	HR
244.074	32.466	LR
251.844	32.466	HR
259.614	32.466	LR
267.384	32.466	HR
275.154	32.466	LR
-25.834	-33.645	LR
-29.719	-26.916	LR
-33.604	-20.187	LR
-37.489	-13.458	LR
-41.374	-6.729	LR
-45.259	0.000	LR
-49.144	6.729	LR
-53.029	13.458	LR
-56.914	20.187	LR
-60.799	26.916	LR
-64.684	33.645	LR
-68.569	40.374	LR
-72.454	47.103	LR
-76.339	53.832	LR
-80.224	60.561	LR
-84.109	67.290	LR
-87.994	74.019	LR
-91.879	80.748	LR
-95.764	87.477	LR
-99.649	94.206	LR
-103.534	100.935	LR
-107.419	107.664	LR
-111.304	114.393	LR
-115.189	121.122	LR
-119.074	127.851	LR
-122.959	134.580	LR
-126.844	141.309	LR
-130.729	148.038	LR
-134.614	154.767	LR
-138.499	161.496	LR
-142.384	168.225	LR
-146.269	174.954	LR
-150.154	181.683	LR
-154.039	188.412	LR
-157.924	195.142	LR
-161.809	201.871	LR
-165.694	208.600	LR
-169.579	215.329	LR
-21.949	-26.916	HR
-25.834	-20.187	LR
-29.719	-13.458	HR
-33.604	-6.729	LR
-37.489	0.000	HR
-41.374	6.729	LR
-45.259	13.458	HR
-49.144	20.187	LR
-53.029	26.916	HR
-56.914	33.645	LR
-60.799	40.374	HR
-64.684	47.103	LR
-68.569	53.832	HR
-72.454	60.561	LR
-76.339	67.290	HR
-80.224	74.019	LR
-84.109	80.748	HR
-87.994	87.477	LR
-91.879	94.206	HR
-95.764	100.935	LR
-99.649	107.664	HR
-103.534	114.393	LR
-107.419	121.122	HR
-111.304	127.851	LR
-115.189	134.580	HR
-119.074	141.309	LR
-122.959	148.038	HR
-126.844	154.767	LR
-130.729	161.496	HR
-134.614	168.225	LR
-138.499	174.954	HR
-142.384	181.683	LR
-146.269	188.412	HR
-150.154	195.142	LR
-154.039	201.871	HR
-157.924	208.600	LR
-161.809	215.329	HR
-165.694	222.058	LR
42.054	-5.550	LR
38.169	-12.279	LR
34.284	-19.008	LR
30.399	-25.737	LR
26.514	-32.466	LR
22.629	-39.195	LR
18.744	-45.924	LR
14.859	-52.653	LR
10.974	-59.382	LR
7.089	-66.111	LR
3.204	-72.840	LR
-0.681	-79.569	LR
-4.566	-86.298	LR
-8.451	-93.027	LR
-12.336	-99.756	LR
-16.221	-106.485	LR
-20.106	-113.214	LR
-23.991	-119.943	LR
-27.876	-126.672	LR
-31.761	-133.401	LR
-35.646	-140.130	LR
-39.531	-146.859	LR
-43.416	-153.588	LR
-47.301	-160.317	LR
-51.186	-167.046	LR
-55.071	-173.775	LR
-58.956	-180.504	LR
-62.841	-187.233	LR
-66.726	-193.962	LR
-70.611	-200.691	LR
-74.496	-207.421	LR
-78.381	-214.150	LR
-82.266	-220.879	LR
-86.151	-227.608	LR
-90.036	-234.337	LR
-93.921	-241.066	LR
-97.806	-247.795	LR
-101.691	-254.524	LR
34.284	-5.550	HR
30.399	-12.279	LR
26.514	-19.008	HR
22.629	-25.737	LR
18.744	-32.466	HR
14.859	-39.195	LR
10.974	-45.924	HR
7.089	-52.653	LR
3.204	-59.382	HR
-0.681	-66.111	LR
-4.566	-72.840	HR
-8.451	-79.569	LR
-12.336	-86.298	HR
-16.221	-93.027	LR
-20.106	-99.756	HR
-23.991	-106.485	LR
-27.876	-113.214	HR
-31.761	-119.943	LR
-35.646	-126.672	HR
-39.531	-133.401	LR
-43.416	-140.130	HR
-47.301	-146.859	LR
-51.186	-153.588	HR
-55.071	-160.317	LR
-58.956	-167.046	HR
-62.841	-173.775	LR
-66.726	-180.504	HR
-70.611	-187.233	LR
-74.496	-193.962	HR
-78.381	-200.691	LR
-82.266	-207.421	HR
-86.151	-214.150	LR
-90.036	-220.879	HR
-93.921	-227.608	LR
-97.806	-234.337	HR
-101.691	-241.066	LR
-105.576	-247.795	HR
-109.461	-254.524	LR
-23.991	52.653	LR
-16.221	52.653	LR
-8.451	52.653	LR
-0.681	52.653	LR
7.089	52.653	LR
14.859	52.653	LR
22.629	52.653	LR
30.399	52.653	LR
38.169	52.653	LR
45.939	52.653	LR
53.709	52.653	LR
61.479	52.653	LR
69.249	52.653	LR
77.019	52.653	LR
84.789	52.653	LR
92.559	52.653	LR
100.329	52.653	LR
108.099	52.653	LR
115.869	52.653	LR
123.639	52.653	LR
131.409	52.653	LR
139.179	52.653	LR
146.949	52.653	LR
154.719	52.653	LR
162.489	52.653	LR
170.259	52.653	LR
178.029	52.653	LR
185.799	52.653	LR
193.569	52.653	LR
201.339	52.653	LR
209.109	52.653	LR
216.879	52.653	LR
224.649	52.653	LR
232.419	52.653	LR
240.189	52.653	LR
247.959	52.653	LR
255.729	52.653	LR
263.499	52.653	LR
-20.106	45.924	HR
-12.336	45.924	LR
-4.566	45.924	HR
3.204	45.924	LR
10.974	45.924	HR
18.744	45.924	LR
26.514	45.924	HR
34.284	45.924	LR
42.054	45.924	HR
49.824	45.924	LR
57.594	45.924	HR
65.364	45.924	LR
73.134	45.924	HR
80.904	45.924	LR
88.674	45.924	HR
96.444	45.924	LR
104.214	45.924	HR
111.984	45.924	LR
119.754	45.924	HR
127.524	45.924	LR
135.294	45.924	HR
143.064	45.924	LR
150.834	45.924	HR
158.604	45.924	LR
166.374	45.924	HR
174.144	45.924	LR
181.914	45.924	HR
189.684	45.924	LR
197.454	45.924	HR
205.224	45.924	LR
212.994	45.924	HR
220.764	45.924	LR
228.534	45.924	HR
236.304	45.924	LR
244.074	45.924	HR
251.844	45.924	LR
259.614	45.924	HR
267.384	45.924	LR
-33.604	-47.103	LR
-37.489	-40.374	LR
-41.374	-33.645	LR
-45.259	-26.916	LR
-49.144	-20.187	LR
-53.029	-13.458	LR
-56.914	-6.729	LR
-60.799	0.000	LR
-64.684	6.729	LR
-68.569	13.458	LR
-72.454	20.187	LR
-76.339	26.916	LR
-80.224	33.645	LR
-84.109	40.374	LR
-87.994	47.103	LR
-91.879	53.832	LR
-95.764	60.561	LR
-99.649	67.290	LR
-103.534	74.019	LR
-107.419	80.748	LR
-111.304	87.477	LR
-115.189	94.206	LR
-119.074	100.935	LR
-122.959	107.664	LR
-126.844	114.393	LR
-130.729	121.122	LR
-134.614	127.851	LR
-138.499	134.580	LR
-142.384	141.309	LR
-146.269	148.038	LR
-150.154	154.767	LR
-154.039	161.496	LR
-157.924	168.225	LR
-161.809	174.954	LR
-165.694	181.683	LR
-169.579	188.412	LR
-173.464	195.142	LR
-177.349	201.871	LR
-29.719	-40.374	HR
-33.604	-33.645	LR
-37.489	-26.916	HR
-41.374	-20.187	LR
-45.259	-13.458	HR
-49.144	-6.729	LR
-53.029	0.000	HR
-56.914	6.729	LR
-60.799	13.458	HR
-64.684	20.187	LR
-68.569	26.916	HR
-72.454	33.645	LR
-76.339	40.374	HR
-80.224	47.103	LR
-84.109	53.832	HR
-87.994	60.561	LR
-91.879	67.290	HR
-95.764	74.019	LR
-99.649	80.748	HR
-103.534	87.477	LR
-107.419	94.206	HR
-111.304	100.935	LR
-115.189	107.664	HR
-119.074	114.393	LR
-122.959	121.122	HR
-126.844	127.851	LR
-130.729	134.580	HR
-134.614	141.309	LR
-138.499	148.038	HR
-142.384	154.767	LR
-146.269	161.496	HR
-150.154	168.225	LR
-154.039	174.954	HR
-157.924	181.683	LR
-161.809	188.412	HR
-165.694	195.142	LR
-169.579	201.871	HR
-173.464	208.600	LR
57.594	-5.550	LR
53.709	-12.279	LR
49.824	-19.008	LR
45.939	-25.737	LR
42.054	-32.466	LR
38.169	-39.195	LR
34.284	-45.924	LR
30.399	-52.653	LR
26.514	-59.382	LR
22.629	-66.111	LR
18.744	-72.840	LR
14.859	-79.569	LR
10.974	-86.298	LR
7.089	-93.027	LR
3.204	-99.756	LR
-0.681	-106.485	LR
-4.566	-113.214	LR
-8.451	-119.943	LR
-12.336	-126.672	LR
-16.221	-133.401	LR
-20.106	-140.130	LR
-23.991	-146.859	LR
-27.876	-153.588	LR
-31.761	-160.317	LR
-35.646	-167.046	LR
-39.531	-173.775	LR
-43.416	-180.504	LR
-47.301	-187.233	LR
-51.186	-193.962	LR
-55.071	-200.692	LR
-58.956	-207.421	LR
-62.841	-214.150	LR
-66.726	-220.879	LR
-70.611	-227.608	LR
-74.496	-234.337	LR
-78.381	-241.066	LR
-82.266	-247.795	LR
-86.151	-254.524	LR
49.824	-5.550	HR
45.939	-12.279	LR
42.054	-19.008	HR
38.169	-25.737	LR
34.284	-32.466	HR
30.399	-39.195	LR
26.514	-45.924	HR
22.629	-52.653	LR
18.744	-59.382	HR
14.859	-66.111	LR
10.974	-72.840	HR
7.089	-79.569	LR
3.204	-86.298	HR
-0.681	-93.027	LR
-4.566	-99.756	HR
-8.451	-106.485	LR
-12.336	-113.214	HR
-16.221	-119.943	LR
-20.106	-126.672	HR
-23.991	-133.401	LR
-27.876	-140.130	HR
-31.761	-146.859	LR
-35.646	-153.588	HR
-39.531	-160.317	LR
-43.416	-167.046	HR
-47.301	-173.775	LR
-51.186	-180.504	HR
-55.071	-187.233	LR
-58.956	-193.962	HR
-62.841	-200.691	LR
-66.726	-207.421	HR
-70.611	-214.150	LR
-74.496	-220.879	HR
-78.381	-227.608	LR
-82.266	-234.337	HR
-86.151	-241.066	LR
-90.036	-247.795	HR
-93.921	-254.524	LR
-31.761	66.111	LR
-23.991	66.111	LR
-16.221	66.111	LR
-8.451	66.111	LR
-0.681	66.111	LR
7.089	66.111	LR
14.859	66.111	LR
22.629	66.111	LR
30.399	66.111	LR
38.169	66.111	LR
45.939	66.111	LR
53.709	66.111	LR
61.479	66.111	LR
69.249	66.111	LR
77.019	66.111	LR
84.789	66.111	LR
92.559	66.111	LR
100.329	66.111	LR
108.099	66.111	LR
115.869	66.111	LR
123.639	66.111	LR
131.409	66.111	LR
139.179	66.111	LR
146.949	66.111	LR
154.719	66.111	LR
162.489	66.111	LR
170.259	66.111	LR
178.029	66.111	LR
185.799	66.111	LR
193.569	66.111	LR
201.339	66.111	LR
209.109	66.111	LR
216.879	66.111	LR
224.649	66.111	LR
232.419	66.111	LR
240.189	66.111	LR
247.959	66.111	LR
255.729	66.111	LR
-27.876	59.382	HR
-20.106	59.382	LR
-12.336	59.382	HR
-4.566	59.382	LR
3.204	59.382	HR
10.974	59.382	LR
18.744	59.382	HR
26.514	59.382	LR
34.284	59.382	HR
42.054	59.382	LR
49.824	59.382	HR
57.594	59.382	LR
65.364	59.382	HR
73.134	59.382	LR
80.904	59.382	HR
88.674	59.382	LR
96.444	59.382	HR
104.214	59.382	LR
111.984	59.382	HR
119.754	59.382	LR
127.524	59.382	HR
135.294	59.382	LR
143.064	59.382	HR
150.834	59.382	LR
158.604	59.382	HR
166.374	59.382	LR
174.144	59.382	HR
181.914	59.382	LR
189.684	59.382	HR
197.454	59.382	LR
205.224	59.382	HR
212.994	59.382	LR
220.764	59.382	HR
228.534	59.382	LR
236.304	59.382	HR
244.074	59.382	LR
251.844	59.382	HR
259.614	59.382	LR
-41.374	-60.561	LR
-45.259	-53.832	LR
-49.144	-47.103	LR
-53.029	-40.374	LR
-56.914	-33.645	LR
-60.799	-26.916	LR
-64.684	-20.187	LR
-68.569	-13.458	LR
-72.454	-6.729	LR
-76.339	0.000	LR
-80.224	6.729	LR
-84.109	13.458	LR
-87.994	20.187	LR
-91.879	26.916	LR
-95.764	33.645	LR
-99.649	40.374	LR
-103.534	47.103	LR
-107.419	53.832	LR
-111.304	60.561	LR
-115.189	67.290	LR
-119.074	74.019	LR
-122.959	80.748	LR
-126.844	87.477	LR
-130.729	94.206	LR
-134.614	100.935	LR
-138.499	107.664	LR
-142.384	114.393	LR
-146.269	121.122	LR
-150.154	127.851	LR
-154.039	134.580	LR
-157.924	141.309	LR
-161.809	148.038	LR
-165.694	154.767	LR
-169.579	161.496	LR
-173.464	168.225	LR
-177.349	174.954	LR
-181.234	181.683	LR
-185.119	188.412	LR
-37.489	-53.832	HR
-41.374	-47.103	LR
-45.259	-40.374	HR
-49.144	-33.645	LR
-53.029	-26.916	HR
-56.914	-20.187	LR
-60.799	-13.458	HR
-64.684	-6.729	LR
-68.569	0.000	HR
-72.454	6.729	LR
-76.339	13.458	HR
-80.224	20.187	LR
-84.109	26.916	HR
-87.994	33.645	LR
-91.879	40.374	HR
-95.764	47.103	LR
-99.649	53.832	HR
-103.534	60.561	LR
-107.419	67.290	HR
-111.304	74.019	LR
-115.189	80.748	HR
-119.074	87.477	LR
-122.959	94.206	HR
-126.844	100.935	LR
-130.729	107.664	HR
-134.614	114.393	LR
-138.499	121.122	HR
-142.384	127.851	LR
-146.269	134.580	HR
-150.154	141.309	LR
-154.039	148.038	HR
-157.924	154.767	LR
-161.809	161.496	HR
-165.694	168.225	LR
-169.579	174.954	HR
-173.464	181.683	LR
-177.349	188.412	HR
-181.234	195.142	LR
73.134	-5.550	LR
69.249	-12.279	LR
65.364	-19.008	LR
61.479	-25.737	LR
57.594	-32.466	LR
53.709	-39.195	LR
49.824	-45.924	LR
45.939	-52.653	LR
42.054	-59.382	LR
38.169	-66.111	LR
34.284	-72.840	LR
30.399	-79.569	LR
26.514	-86.298	LR
22.629	-93.027	LR
18.744	-99.756	LR
14.859	-106.485	LR
10.974	-113.214	LR
7.089	-119.943	LR
3.204	-126.672	LR
-0.681	-133.401	LR
-4.566	-140.130	LR
-8.451	-146.859	LR
-12.336	-153.588	LR
-16.221	-160.317	LR
-20.106	-167.046	LR
-23.991	-173.775	LR
-27.876	-180.504	LR
-31.761	-187.233	LR
-35.646	-193.962	LR
-39.531	-200.692	LR
-43.416	-207.421	LR
-47.301	-214.150	LR
-51.186	-220.879	LR
-55.071	-227.608	LR
-58.956	-234.337	LR
-62.841	-241.066	LR
-66.726	-247.795	LR
-70.611	-254.524	LR
65.364	-5.550	HR
61.479	-12.279	LR
57.594	-19.008	HR
53.709	-25.737	LR
49.824	-32.466	HR
45.939	-39.195	LR
42.054	-45.924	HR
38.169	-52.653	LR
34.284	-59.382	HR
30.399	-66.111	LR
26.514	-72.840	HR
22.629	-79.569	LR
18.744	-86.298	HR
14.859	-93.027	LR
10.974	-99.756	HR
7.089	-106.485	LR
3.204	-113.214	HR
-0.681	-119.943	LR
-4.566	-126.672	HR
-8.451	-133.401	LR
-12.336	-140.130	HR
-16.221	-146.859	LR
-20.106	-153.588	HR
-23.991	-160.317	LR
-27.876	-167.046	HR
-31.761	-173.775	LR
-35.646	-180.504	HR
-39.531	-187.233	LR
-43.416	-193.962	HR
-47.301	-200.692	LR
-51.186	-207.421	HR
-55.071	-214.150	LR
-58.956	-220.879	HR
-62.841	-227.608	LR
-66.726	-234.337	HR
-70.611	-241.066	LR
-74.496	-247.795	HR
-78.381	-254.524	LR
-39.531	79.569	LR
-31.761	79.569	LR
-23.991	79.569	LR
-16.221	79.569	LR
-8.451	79.569	LR
-0.681	79.569	LR
7.089	79.569	LR
14.859	79.569	LR
22.629	79.569	LR
30.399	79.569	LR
38.169	79.569	LR
45.939	79.569	LR
53.709	79.569	LR
61.479	79.569	LR
69.249	79.569	LR
77.019	79.569	LR
84.789	79.569	LR
92.559	79.569	LR
100.329	79.569	LR
108.099	79.569	LR
115.869	79.569	LR
123.639	79.569	LR
131.409	79.569	LR
139.179	79.569	LR
146.949	79.569	LR
154.719	79.569	LR
162.489	79.569	LR
170.259	79.569	LR
178.029	79.569	LR
185.799	79.569	LR
193.569	79.569	LR
201.339	79.569	LR
209.109	79.569	LR
216.879	79.569	LR
224.649	79.569	LR
232.419	79.569	LR
240.189	79.569	LR
247.959	79.569	LR
-35.646	72.840	HR
-27.876	72.840	LR
-20.106	72.840	HR
-12.336	72.840	LR
-4.566	72.840	HR
3.204	72.840	LR
10.974	72.840	HR
18.744	72.840	LR
26.514	72.840	HR
34.284	72.840	LR
42.054	72.840	HR
49.824	72.840	LR
57.594	72.840	HR
65.364	72.840	LR
73.134	72.840	HR
80.904	72.840	LR
88.674	72.840	HR
96.444	72.840	LR
104.214	72.840	HR
111.984	72.840	LR
119.754	72.840	HR
127.524	72.840	LR
135.294	72.840	HR
143.064	72.840	LR
150.834	72.840	HR
158.604	72.840	LR
166.374	72.840	HR
174.144	72.840	LR
181.914	72.840	HR
189.684	72.840	LR
197.454	72.840	HR
205.224	72.840	LR
212.994	72.840	HR
220.764	72.840	LR
228.534	72.840	HR
236.304	72.840	LR
244.074	72.840	HR
251.844	72.840	LR
-49.144	-74.019	LR
-53.029	-67.290	LR
-56.914	-60.561	LR
-60.799	-53.832	LR
-64.684	-47.103	LR
-68.569	-40.374	LR
-72.454	-33.645	LR
-76.339	-26.916	LR
-80.224	-20.187	LR
-84.109	-13.458	LR
-87.994	-6.729	LR
-91.879	0.000	LR
-95.764	6.729	LR
-99.649	13.458	LR
-103.534	20.187	LR
-107.419	26.916	LR
-111.304	33.645	LR
-115.189	40.374	LR
-119.074	47.103	LR
-122.959	53.832	LR
-126.844	60.561	LR
-130.729	67.290	LR
-134.614	74.019	LR
-138.499	80.748	LR
-142.384	87.477	LR
-146.269	94.206	LR
-150.154	100.935	LR
-154.039	107.664	LR
-157.924	114.393	LR
-161.809	121.122	LR
-165.694	127.851	LR
-169.579	134.580	LR
-173.464	141.309	LR
-177.349	148.038	LR
-181.234	154.767	LR
-185.119	161.496	LR
-189.004	168.225	LR
-192.889	174.954	LR
-45.259	-67.290	HR
-49.144	-60.561	LR
-53.029	-53.832	HR
-56.914	-47.103	LR
-60.799	-40.374	HR
-64.684	-33.645	LR
-68.569	-26.916	HR
-72.454	-20.187	LR
-76.339	-13.458	HR
-80.224	-6.729	LR
-84.109	0.000	HR
-87.994	6.729	LR
-91.879	13.458	HR
-95.764	20.187	LR
-99.649	26.916	HR
-103.534	33.645	LR
-107.419	40.374	HR
-111.304	47.103	LR
-115.189	53.832	HR
-119.074	60.561	LR
-122.959	67.290	HR
-126.844	74.019	LR
-130.729	80.748	HR
-134.614	87.477	LR
-138.499	94.206	HR
-142.384	100.935	LR
-146.269	107.664	HR
-150.154	114.393	LR
-154.039	121.122	HR
-157.924	127.851	LR
-161.809	134.580	HR
-165.694	141.309	LR
-169.579	148.038	HR
-173.464	154.767	LR
-177.349	161.496	HR
-181.234	168.225	LR
-185.119	174.954	HR
-189.004	181.683	LR
88.674	-5.550	LR
84.789	-12.279	LR
80.904	-19.008	LR
77.019	-25.737	LR
73.134	-32.466	LR
69.249	-39.195	LR
65.364	-45.924	LR
61.479	-52.653	LR
57.594	-59.382	LR
53.709	-66.111	LR
49.824	-72.840	LR
45.939	-79.569	LR
42.054	-86.298	LR
38.169	-93.027	LR
34.284	-99.756	LR
30.399	-106.485	LR
26.514	-113.214	LR
22.629	-119.943	LR
18.744	-126.672	LR
14.859	-133.401	LR
10.974	-140.130	LR
7.089	-146.859	LR
3.204	-153.588	LR
-0.681	-160.317	LR
-4.566	-167.046	LR
-8.451	-173.775	LR
-12.336	-180.504	LR
-16.221	-187.233	LR
-20.106	-193.962	LR
-23.991	-200.692	LR
-27.876	-207.421	LR
-31.761	-214.150	LR
-35.646	-220.879	LR
-39.531	-227.608	LR
-43.416	-234.337	LR
-47.301	-241.066	LR
-51.186	-247.795	LR
-55.071	-254.524	LR
80.904	-5.550	HR
77.019	-12.279	LR
73.134	-19.008	HR
69.249	-25.737	LR
65.364	-32.466	HR
61.479	-39.195	LR
57.594	-45.924	HR
53.709	-52.653	LR
49.824	-59.382	HR
45.939	-66.111	LR
42.054	-72.840	HR
38.169	-79.569	LR
34.284	-86.298	HR
30.399	-93.027	LR
26.514	-99.756	HR
22.629	-106.485	LR
18.744	-113.214	HR
14.859	-119.943	LR
10.974	-126.672	HR
7.089	-133.401	LR
3.204	-140.130	HR
-0.681	-146.859	LR
-4.566	-153.588	HR
-8.451	-160.317	LR
-12.336	-167.046	HR
-16.221	-173.775	LR
-20.106	-180.504	HR
-23.991	-187.233	LR
-27.876	-193.962	HR
-31.761	-200.692	LR
-35.646	-207.421	HR
-39.531	-214.150	LR
-43.416	-220.879	HR
-47.301	-227.608	LR
-51.186	-234.337	HR
-55.071	-241.066	LR
-58.956	-247.795	HR
-62.841	-254.524	LR
-47.301	93.027	LR
-39.531	93.027	LR
-31.761	93.027	LR
-23.991	93.027	LR
-16.221	93.027	LR
-8.451	93.027	LR
-0.681	93.027	LR
7.089	93.027	LR
14.859	93.027	LR
22.629	93.027	LR
30.399	93.027	LR
38.169	93.027	LR
45.939	93.027	LR
53.709	93.027	LR
61.479	93.027	LR
69.249	93.027	LR
77.019	93.027	LR
84.789	93.027	LR
92.559	93.027	LR
100.329	93.027	LR
108.099	93.027	LR
115.869	93.027	LR
123.639	93.027	LR
131.409	93.027	LR
139.179	93.027	LR
146.949	93.027	LR
154.719	93.027	LR
162.489	93.027	LR
170.259	93.027	LR
178.029	93.027	LR
185.799	93.027	LR
193.569	93.027	LR
201.339	93.027	LR
209.109	93.027	LR
216.879	93.027	LR
224.649	93.027	LR
232.419	93.027	LR
240.189	93.027	LR
-43.416	86.298	HR
-35.646	86.298	LR
-27.876	86.298	HR
-20.106	86.298	LR
-12.336	86.298	HR
-4.566	86.298	LR
3.204	86.298	HR
10.974	86.298	LR
18.744	86.298	HR
26.514	86.298	LR
34.284	86.298	HR
42.054	86.298	LR
49.824	86.298	HR
57.594	86.298	LR
65.364	86.298	HR
73.134	86.298	LR
80.904	86.298	HR
88.674	86.298	LR
96.444	86.298	HR
104.214	86.298	LR
111.984	86.298	HR
119.754	86.298	LR
127.524	86.298	HR
135.294	86.298	LR
143.064	86.298	HR
150.834	86.298	LR
158.604	86.298	HR
166.374	86.298	LR
174.144	86.298	HR
181.914	86.298	LR
189.684	86.298	HR
197.454	86.298	LR
205.224	86.298	HR
212.994	86.298	LR
220.764	86.298	HR
228.534	86.298	LR
236.304	86.298	HR
244.074	86.298	LR
-56.914	-87.477	LR
-60.799	-80.748	LR
-64.684	-74.019	LR
-68.569	-67.290	LR
-72.454	-60.561	LR
-76.339	-53.832	LR
-80.224	-47.103	LR
-84.109	-40.374	LR
-87.994	-33.645	LR
-91.879	-26.916	LR
-95.764	-20.187	LR
-99.649	-13.458	LR
-103.534	-6.729	LR
-107.419	0.000	LR
-111.304	6.729	LR
-115.189	13.458	LR
-119.074	20.187	LR
-122.959	26.916	LR
-126.844	33.645	LR
-130.729	40.374	LR
-134.614	47.103	LR
-138.499	53.832	LR
-142.384	60.561	LR
-146.269	67.290	LR
-150.154	74.019	LR
-154.039	80.748	LR
-157.924	87.477	LR
-161.809	94.206	LR
-165.694	100.935	LR
-169.579	107.664	LR
-173.464	114.393	LR
-177.349	121.122	LR
-181.234	127.851	LR
-185.119	134.580	LR
-189.004	141.309	LR
-192.889	148.038	LR
-196.774	154.767	LR
-200.659	161.496	LR
-53.029	-80.748	HR
-56.914	-74.019	LR
-60.799	-67.290	HR
-64.684	-60.561	LR
-68.569	-53.832	HR
-72.454	-47.103	LR
-76.339	-40.374	HR
-80.224	-33.645	LR
-84.109	-26.916	HR
-87.994	-20.187	LR
-91.879	-13.458	HR
-95.764	-6.729	LR
-99.649	0.000	HR
-103.534	6.729	LR
-107.419	13.458	HR
-111.304	20.187	LR
-115.189	26.916	HR
-119.074	33.645	LR
-122.959	40.374	HR
-126.844	47.103	LR
-130.729	53.832	HR
-134.614	60.561	LR
-138.499	67.290	HR
-142.384	74.019	LR
-146.269	80.748	HR
-150.154	87.477	LR
-154.039	94.206	HR
-157.924	100.935	LR
-161.809	107.664	HR
-165.694	114.393	LR
-169.579	121.122	HR
-173.464	127.851	LR
-177.349	134.580	HR
-181.234	141.309	LR
-185.119	148.038	HR
-189.004	154.767	LR
-192.889	161.496	HR
-196.774	168.225	LR
104.214	-5.550	LR
100.329	-12.279	LR
96.444	-19.008	LR
92.559	-25.737	LR
88.674	-32.466	LR
84.789	-39.195	LR
80.904	-45.924	LR
77.019	-52.653	LR
73.134	-59.382	LR
69.249	-66.111	LR
65.364	-72.840	LR
61.479	-79.569	LR
57.594	-86.298	LR
53.709	-93.027	LR
49.824	-99.756	LR
45.939	-106.485	LR
42.054	-113.214	LR
38.169	-119.943	LR
34.284	-126.672	LR
30.399	-133.401	LR
26.514	-140.130	LR
22.629	-146.859	LR
18.744	-153.588	LR
14.859	-160.317	LR
10.974	-167.046	LR
7.089	-173.775	LR
3.204	-180.504	LR
-0.681	-187.233	LR
-4.566	-193.962	LR
-8.451	-200.692	LR
-12.336	-207.421	LR
-16.221	-214.150	LR
-20.106	-220.879	LR
-23.991	-227.608	LR
-27.876	-234.337	LR
-31.761	-241.066	LR
-35.646	-247.795	LR
-39.531	-254.524	LR
96.444	-5.550	HR
92.559	-12.279	LR
88.674	-19.008	HR
84.789	-25.737	LR
80.904	-32.466	HR
77.019	-39.195	LR
73.134	-45.924	HR
69.249	-52.653	LR
65.364	-59.382	HR
61.479	-66.111	LR
57.594	-72.840	HR
53.709	-79.569	LR
49.824	-86.298	HR
45.939	-93.027	LR
42.054	-99.756	HR
38.169	-106.485	LR
34.284	-113.214	HR
30.399	-119.943	LR
26.514	-126.672	HR
22.629	-133.401	LR
18.744	-140.130	HR
14.859	-146.859	LR
10.974	-153.588	HR
7.089	-160.317	LR
3.204	-167.046	HR
-0.681	-173.775	LR
-4.566	-180.504	HR
-8.451	-187.233	LR
-12.336	-193.962	HR
-16.221	-200.692	LR
-20.106	-207.421	HR
-23.991	-214.150	LR
-27.876	-220.879	HR
-31.761	-227.608	LR
-35.646	-234.337	HR
-39.531	-241.066	LR
-43.416	-247.795	HR
-47.301	-254.524	LR
-55.071	106.485	LR
-47.301	106.485	LR
-39.531	106.485	LR
-31.761	106.485	LR
-23.991	106.485	LR
-16.221	106.485	LR
-8.451	106.485	LR
-0.681	106.485	LR
7.089	106.485	LR
14.859	106.485	LR
22.629	106.485	LR
30.399	106.485	LR
38.169	106.485	LR
45.939	106.485	LR
53.709	106.485	LR
61.479	106.485	LR
69.249	106.485	LR
77.019	106.485	LR
84.789	106.485	LR
92.559	106.485	LR
100.329	106.485	LR
108.099	106.485	LR
115.869	106.485	LR
123.639	106.485	LR
131.409	106.485	LR
139.179	106.485	LR
146.949	106.485	LR
154.719	106.485	LR
162.489	106.485	LR
170.259	106.485	LR
178.029	106.485	LR
185.799	106.485	LR
193.569	106.485	LR
201.339	106.485	LR
209.109	106.485	LR
216.879	106.485	LR
224.649	106.485	LR
232.419	106.485	LR
-51.186	99.756	HR
-43.416	99.756	LR
-35.646	99.756	HR
-27.876	99.756	LR
-20.106	99.756	HR
-12.336	99.756	LR
-4.566	99.756	HR
3.204	99.756	LR
10.974	99.756	HR
18.744	99.756	LR
26.514	99.756	HR
34.284	99.756	LR
42.054	99.756	HR
49.824	99.756	LR
57.594	99.756	HR
65.364	99.756	LR
73.134	99.756	HR
80.904	99.756	LR
88.674	99.756	HR
96.444	99.756	LR
104.214	99.756	HR
111.984	99.756	LR
119.754	99.756	HR
127.524	99.756	LR
135.294	99.756	HR
143.064	99.756	LR
150.834	99.756	HR
158.604	99.756	LR
166.374	99.756	HR
174.144	99.756	LR
181.914	99.756	HR
189.684	99.756	LR
197.454	99.756	HR
205.224	99.756	LR
212.994	99.756	HR
220.764	99.756	LR
228.534	99.756	HR
236.304	99.756	LR
-64.684	-100.935	LR
-68.569	-94.206	LR
-72.454	-87.477	LR
-76.339	-80.748	LR
-80.224	-74.019	LR
-84.109	-67.290	LR
-87.994	-60.561	LR
-91.879	-53.832	LR
-95.764	-47.103	LR
-99.649	-40.374	LR
-103.534	-33.645	LR
-107.419	-26.916	LR
-111.304	-20.187	LR
-115.189	-13.458	LR
-119.074	-6.729	LR
-122.959	0.000	LR
-126.844	6.729	LR
-130.729	13.458	LR
-134.614	20.187	LR
-138.499	26.916	LR
-142.384	33.645	LR
-146.269	40.374	LR
-150.154	47.103	LR
-154.039	53.832	LR
-157.924	60.561	LR
-161.809	67.290	LR
-165.694	74.019	LR
-169.579	80.748	LR
-173.464	87.477	LR
-177.349	94.206	LR
-181.234	100.935	LR
-185.119	107.664	LR
-189.004	114.393	LR
-192.889	121.122	LR
-196.774	127.851	LR
-200.659	134.580	LR
-204.544	141.309	LR
-208.429	148.038	LR
-60.799	-94.206	HR
-64.684	-87.477	LR
-68.569	-80.748	HR
-72.454	-74.019	LR
-76.339	-67.290	HR
-80.224	-60.561	LR
-84.109	-53.832	HR
-87.994	-47.103	LR
-91.879	-40.374	HR
-95.764	-33.645	LR
-99.649	-26.916	HR
-103.534	-20.187	LR
-107.419	-13.458	HR
-111.304	-6.729	LR
-115.189	0.000	HR
-119.074	6.729	LR
-122.959	13.458	HR
-126.844	20.187	LR
-130.729	26.916	HR
-134.614	33.645	LR
-138.499	40.374	HR
-142.384	47.103	LR
-146.269	53.832	HR
-150.154	60.561	LR
-154.039	67.290	HR
-157.924	74.019	LR
-161.809	80.748	HR
-165.694	87.477	LR
-169.579	94.206	HR
-173.464	100.935	LR
-177.349	107.664	HR
-181.234	114.393	LR
-185.119	121.122	HR
-189.004	127.851	LR
-192.889	134.580	HR
-196.774	141.309	LR
-200.659	148.038	HR
-204.544	154.767	LR
119.754	-5.550	LR
115.869	-12.279	LR
111.984	-19.008	LR
108.099	-25.737	LR
104.214	-32.466	LR
100.329	-39.195	LR
96.444	-45.924	LR
92.559	-52.653	LR
88.674	-59.382	LR
84.789	-66.111	LR
80.904	-72.840	LR
77.019	-79.569	LR
73.134	-86.298	LR
69.249	-93.027	LR
65.364	-99.756	LR
61.479	-106.485	LR
57.594	-113.214	LR
53.709	-119.943	LR
49.824	-126.672	LR
45.939	-133.401	LR
42.054	-140.130	LR
38.169	-146.859	LR
34.284	-153.588	LR
30.399	-160.317	LR
26.514	-167.046	LR
22.629	-173.775	LR
18.744	-180.504	LR
14.859	-187.233	LR
10.974	-193.962	LR
7.089	-200.692	LR
3.204	-207.421	LR
-0.681	-214.150	LR
-4.566	-220.879	LR
-8.451	-227.608	LR
-12.336	-234.337	LR
-16.221	-241.066	LR
-20.106	-247.795	LR
-23.991	-254.524	LR
111.984	-5.550	HR
108.099	-12.279	LR
104.214	-19.008	HR
100.329	-25.737	LR
96.444	-32.466	HR
92.559	-39.195	LR
88.674	-45.924	HR
84.789	-52.653	LR
80.904	-59.382	HR
77.019	-66.111	LR
73.134	-72.840	HR
69.249	-79.569	LR
65.364	-86.298	HR
61.479	-93.027	LR
57.594	-99.756	HR
53.709	-106.485	LR
49.824	-113.214	HR
45.939	-119.943	LR
42.054	-126.672	HR
38.169	-133.401	LR
34.284	-140.130	HR
30.399	-146.859	LR
26.514	-153.588	HR
22.629	-160.317	LR
18.744	-167.046	HR
14.859	-173.775	LR
10.974	-180.504	HR
7.089	-187.233	LR
3.204	-193.962	HR
-0.681	-200.692	LR
-4.566	-207.421	HR
-8.451	-214.150	LR
-12.336	-220.879	HR
-16.221	-227.608	LR
-20.106	-234.337	HR
-23.991	-241.066	LR
-27.876	-247.795	HR
-31.761	-254.524	LR
-62.841	119.943	LR
-55.071	119.943	LR
-47.301	119.943	LR
-39.531	119.943	LR
-31.761	119.943	LR
-23.991	119.943	LR
-16.221	119.943	LR
-8.451	119.943	LR
-0.681	119.943	LR
7.089	119.943	LR
14.859	119.943	LR
22.629	119.943	LR
30.399	119.943	LR
38.169	119.943	LR
45.939	119.943	LR
53.709	119.943	LR
61.479	119.943	LR
69.249	119.943	LR
77.019	119.943	LR
84.789	119.943	LR
92.559	119.943	LR
100.329	119.943	LR
108.099	119.943	LR
115.869	119.943	LR
123.639	119.943	LR
131.409	119.943	LR
139.179	119.943	LR
146.949	119.943	LR
154.719	119.943	LR
162.489	119.943	LR
170.259	119.943	LR
178.029	119.943	LR
185.799	119.943	LR
193.569	119.943	LR
201.339	119.943	LR
209.109	119.943	LR
216.879	119.943	LR
224.649	119.943	LR
-58.956	113.214	HR
-51.186	113.214	LR
-43.416	113.214	HR
-35.646	113.214	LR
-27.876	113.214	HR
-20.106	113.214	LR
-12.336	113.214	HR
-4.566	113.214	LR
3.204	113.214	HR
10.974	113.214	LR
18.744	113.214	HR
26.514	113.214	LR
34.284	113.214	HR
42.054	113.214	LR
49.824	113.214	HR
57.594	113.214	LR
65.364	113.214	HR
73.134	113.214	LR
80.904	113.214	HR
88.674	113.214	LR
96.444	113.214	HR
104.214	113.214	LR
111.984	113.214	HR
119.754	113.214	LR
127.524	113.214	HR
135.294	113.214	LR
143.064	113.214	HR
150.834	113.214	LR
158.604	113.214	HR
166.374	113.214	LR
174.144	113.214	HR
181.914	113.214	LR
189.684	113.214	HR
197.454	113.214	LR
205.224	113.214	HR
212.994	113.214	LR
220.764	113.214	HR
228.534	113.214	LR
-72.454	-114.393	LR
-76.339	-107.664	LR
-80.224	-100.935	LR
-84.109	-94.206	LR
-87.994	-87.477	LR
-91.879	-80.748	LR
-95.764	-74.019	LR
-99.649	-67.290	LR
-103.534	-60.561	LR
-107.419	-53.832	LR
-111.304	-47.103	LR
-115.189	-40.374	LR
-119.074	-33.645	LR
-122.959	-26.916	LR
-126.844	-20.187	LR
-130.729	-13.458	LR
-134.614	-6.729	LR
-138.499	0.000	LR
-142.384	6.729	LR
-146.269	13.458	LR
-150.154	20.187	LR
-154.039	26.916	LR
-157.924	33.645	LR
-161.809	40.374	LR
-165.694	47.103	LR
-169.579	53.832	LR
-173.464	60.561	LR
-177.349	67.290	LR
-181.234	74.019	LR
-185.119	80.748	LR
-189.004	87.477	LR
-192.889	94.206	LR
-196.774	100.935	LR
-200.659	107.664	LR
-204.544	114.393	LR
-208.429	121.122	LR
-212.314	127.851	LR
-216.199	134.580	LR
-68.569	-107.664	HR
-72.454	-100.935	LR
-76.339	-94.206	HR
-80.224	-87.477	LR
-84.109	-80.748	HR
-87.994	-74.019	LR
-91.879	-67.290	HR
-95.764	-60.561	LR
-99.649	-53.832	HR
-103.534	-47.103	LR
-107.419	-40.374	HR
-111.304	-33.645	LR
-115.189	-26.916	HR
-119.074	-20.187	LR
-122.959	-13.458	HR
-126.844	-6.729	LR
-130.729	0.000	HR
-134.614	6.729	LR
-138.499	13.458	HR
-142.384	20.187	LR
-146.269	26.916	HR
-150.154	33.645	LR
-154.039	40.374	HR
-157.924	47.103	LR
-161.809	53.832	HR
-165.694	60.561	LR
-169.579	67.290	HR
-173.464	74.019	LR
-177.349	80.748	HR
-181.234	87.477	LR
-185.119	94.206	HR
-189.004	100.935	LR
-192.889	107.664	HR
-196.774	114.393	LR
-200.659	121.122	HR
-204.544	127.851	LR
-208.429	134.580	HR
-212.314	141.309	LR
135.294	-5.550	LR
131.409	-12.279	LR
127.524	-19.008	LR
123.639	-25.737	LR
119.754	-32.466	LR
115.869	-39.195	LR
111.984	-45.924	LR
108.099	-52.653	LR
104.214	-59.382	LR
100.329	-66.111	LR
96.444	-72.840	LR
92.559	-79.569	LR
88.674	-86.298	LR
84.789	-93.027	LR
80.904	-99.756	LR
77.019	-106.485	LR
73.134	-113.214	LR
69.249	-119.943	LR
65.364	-126.672	LR
61.479	-133.401	LR
57.594	-140.130	LR
53.709	-146.859	LR
49.824	-153.588	LR
45.939	-160.317	LR
42.054	-167.046	LR
38.169	-173.775	LR
34.284	-180.504	LR
30.399	-187.233	LR
26.514	-193.962	LR
22.629	-200.692	LR
18.744	-207.421	LR
14.859	-214.150	LR
10.974	-220.879	LR
7.089	-227.608	LR
3.204	-234.337	LR
-0.681	-241.066	LR
-4.566	-247.795	LR
-8.451	-254.524	LR
127.524	-5.550	HR
123.639	-12.279	LR
119.754	-19.008	HR
115.869	-25.737	LR
111.984	-32.466	HR
108.099	-39.195	LR
104.214	-45.924	HR
100.329	-52.653	LR
96.444	-59.382	HR
92.559	-66.111	LR
88.674	-72.840	HR
84.789	-79.569	LR
80.904	-86.298	HR
77.019	-93.027	LR
73.134	-99.756	HR
69.249	-106.485	LR
65.364	-113.214	HR
61.479	-119.943	LR
57.594	-126.672	HR
53.709	-133.401	LR
49.824	-140.130	HR
45.939	-146.859	LR
42.054	-153.588	HR
38.169	-160.317	LR
34.284	-167.046	HR
30.399	-173.775	LR
26.514	-180.504	HR
22.629	-187.233	LR
18.744	-193.962	HR
14.859	-200.692	LR
10.974	-207.421	HR
7.089	-214.150	LR
3.204	-220.879	HR
-0.681	-227.608	LR
-4.566	-234.337	HR
-8.451	-241.066	LR
-12.336	-247.795	HR
-16.221	-254.524	LR
-70.611	133.401	LR
-62.841	133.401	LR
-55.071	133.401	LR
-47.301	133.401	LR
-39.531	133.401	LR
-31.761	133.401	LR
-23.991	133.401	LR
-16.221	133.401	LR
-8.451	133.401	LR
-0.681	133.401	LR
7.089	133.401	LR
14.859	133.401	LR
22.629	133.401	LR
30.399	133.401	LR
38.169	133.401	LR
45.939	133.401	LR
53.709	133.401	LR
61.479	133.401	LR
69.249	133.401	LR
77.019	133.401	LR
84.789	133.401	LR
92.559	133.401	LR
100.329	133.401	LR
108.099	133.401	LR
115.869	133.401	LR
123.639	133.401	LR
131.409	133.401	LR
139.179	133.401	LR
146.949	133.401	LR
154.719	133.401	LR
162.489	133.401	LR
170.259	133.401	LR
178.029	133.401	LR
185.799	133.401	LR
193.569	133.401	LR
201.339	133.401	LR
209.109	133.401	LR
216.879	133.401	LR
-66.726	126.672	HR
-58.956	126.672	LR
-51.186	126.672	HR
-43.416	126.672	LR
-35.646	126.672	HR
-27.876	126.672	LR
-20.106	126.672	HR
-12.336	126.672	LR
-4.566	126.672	HR
3.204	126.672	LR
10.974	126.672	HR
18.744	126.672	LR
26.514	126.672	HR
34.284	126.672	LR
42.054	126.672	HR
49.824	126.672	LR
57.594	126.672	HR
65.364	126.672	LR
73.134	126.672	HR
80.904	126.672	LR
88.674	126.672	HR
96.444	126.672	LR
104.214	126.672	HR
111.984	126.672	LR
119.754	126.672	HR
127.524	126.672	LR
135.294	126.672	HR
143.064	126.672	LR
150.834	126.672	HR
158.604	126.672	LR
166.374	126.672	HR
174.144	126.672	LR
181.914	126.672	HR
189.684	126.672	LR
197.454	126.672	HR
205.224	126.672	LR
212.994	126.672	HR
220.764	126.672	LR
-80.224	-127.851	LR
-84.109	-121.122	LR
-87.994	-114.393	LR
-91.879	-107.664	LR
-95.764	-100.935	LR
-99.649	-94.206	LR
-103.534	-87.477	LR
-107.419	-80.748	LR
-111.304	-74.019	LR
-115.189	-67.290	LR
-119.074	-60.561	LR
-122.959	-53.832	LR
-126.844	-47.103	LR
-130.729	-40.374	LR
-134.614	-33.645	LR
-138.499	-26.916	LR
-142.384	-20.187	LR
-146.269	-13.458	LR
-150.154	-6.729	LR
-154.039	0.000	LR
-157.924	6.729	LR
-161.809	13.458	LR
-165.694	20.187	LR
-169.579	26.916	LR
-173.464	33.645	LR
-177.349	40.374	LR
-181.234	47.103	LR
-185.119	53.832	LR
-189.004	60.561	LR
-192.889	67.290	LR
-196.774	74.019	LR
-200.659	80.748	LR
-204.544	87.477	LR
-208.429	94.206	LR
-212.314	100.935	LR
-216.199	107.664	LR
-220.084	114.393	LR
-223.969	121.122	LR
-76.339	-121.122	HR
-80.224	-114.393	LR
-84.109	-107.664	HR
-87.994	-100.935	LR
-91.879	-94.206	HR
-95.764	-87.477	LR
-99.649	-80.748	HR
-103.534	-74.019	LR
-107.419	-67.290	HR
-111.304	-60.561	LR
-115.189	-53.832	HR
-119.074	-47.103	LR
-122.959	-40.374	HR
-126.844	-33.645	LR
-130.729	-26.916	HR
-134.614	-20.187	LR
-138.499	-13.458	HR
-142.384	-6.729	LR
-146.269	0.000	HR
-150.154	6.729	LR
-154.039	13.458	HR
-157.924	20.187	LR
-161.809	26.916	HR
-165.694	33.645	LR
-169.579	40.374	HR
-173.464	47.103	LR
-177.349	53.832	HR
-181.234	60.561	LR
-185.119	67.290	HR
-189.004	74.019	LR
-192.889	80.748	HR
-196.774	87.477	LR
-200.659	94.206	HR
-204.544	100.935	LR
-208.429	107.664	HR
-212.314	114.393	LR
-216.199	121.122	HR
-220.084	127.851	LR
150.834	-5.550	LR
146.949	-12.279	LR
143.064	-19.008	LR
139.179	-25.737	LR
135.294	-32.466	LR
131.409	-39.195	LR
127.524	-45.924	LR
123.639	-52.653	LR
119.754	-59.382	LR
115.869	-66.111	LR
111.984	-72.840	LR
108.099	-79.569	LR
104.214	-86.298	LR
100.329	-93.027	LR
96.444	-99.756	LR
92.559	-106.485	LR
88.674	-113.214	LR
84.789	-119.943	LR
80.904	-126.672	LR
77.019	-133.401	LR
73.134	-140.130	LR
69.249	-146.859	LR
65.364	-153.588	LR
61.479	-160.317	LR
57.594	-167.046	LR
53.709	-173.775	LR
49.824	-180.504	LR
45.939	-187.233	LR
42.054	-193.962	LR
38.169	-200.692	LR
34.284	-207.421	LR
30.399	-214.150	LR
26.514	-220.879	LR
22.629	-227.608	LR
18.744	-234.337	LR
14.859	-241.066	LR
10.974	-247.795	LR
7.089	-254.524	LR
143.064	-5.550	HR
139.179	-12.279	LR
135.294	-19.008	HR
131.409	-25.737	LR
127.524	-32.466	HR
123.639	-39.195	LR
119.754	-45.924	HR
115.869	-52.653	LR
111.984	-59.382	HR
108.099	-66.111	LR
104.214	-72.840	HR
100.329	-79.569	LR
96.444	-86.298	HR
92.559	-93.027	LR
88.674	-99.756	HR
84.789	-106.485	LR
80.904	-113.214	HR
77.019	-119.943	LR
73.134	-126.672	HR
69.249	-133.401	LR
65.364	-140.130	HR
61.479	-146.859	LR
57.594	-153.588	HR
53.709	-160.317	LR
49.824	-167.046	HR
45.939	-173.775	LR
42.054	-180.504	HR
38.169	-187.233	LR
34.284	-193.962	HR
30.399	-200.692	LR
26.514	-207.421	HR
22.629	-214.150	LR
18.744	-220.879	HR
14.859	-227.608	LR
10.974	-234.337	HR
7.089	-241.066	LR
3.204	-247.795	HR
-0.681	-254.524	LR
-78.381	146.859	LR
-70.611	146.859	LR
-62.841	146.859	LR
-55.071	146.859	LR
-47.301	146.859	LR
-39.531	146.859	LR
-31.761	146.859	LR
-23.991	146.859	LR
-16.221	146.859	LR
-8.451	146.859	LR
-0.681	146.859	LR
7.089	146.859	LR
14.859	146.859	LR
22.629	146.859	LR
30.399	146.859	LR
38.169	146.859	LR
45.939	146.859	LR
53.709	146.859	LR
61.479	146.859	LR
69.249	146.859	LR
77.019	146.859	LR
84.789	146.859	LR
92.559	146.859	LR
100.329	146.859	LR
108.099	146.859	LR
115.869	146.859	LR
123.639	146.859	LR
131.409	146.859	LR
139.179	146.859	LR
146.949	146.859	LR
154.719	146.859	LR
162.489	146.859	LR
170.259	146.859	LR
178.029	146.859	LR
185.799	146.859	LR
193.569	146.859	LR
201.339	146.859	LR
209.109	146.859	LR
-74.496	140.130	HR
-66.726	140.130	LR
-58.956	140.130	HR
-51.186	140.130	LR
-43.416	140.130	HR
-35.646	140.130	LR
-27.876	140.130	HR
-20.106	140.130	LR
-12.336	140.130	HR
-4.566	140.130	LR
3.204	140.130	HR
10.974	140.130	LR
18.744	140.130	HR
26.514	140.130	LR
34.284	140.130	HR
42.054	140.130	LR
49.824	140.130	HR
57.594	140.130	LR
65.364	140.130	HR
73.134	140.130	LR
80.904	140.130	HR
88.674	140.130	LR
96.444	140.130	HR
104.214	140.130	LR
111.984	140.130	HR
119.754	140.130	LR
127.524	140.130	HR
135.294	140.130	LR
143.064	140.130	HR
150.834	140.130	LR
158.604	140.130	HR
166.374	140.130	LR
174.144	140.130	HR
181.914	140.130	LR
189.684	140.130	HR
197.454	140.130	LR
205.224	140.130	HR
212.994	140.130	LR
-87.994	-141.309	LR
-91.879	-134.580	LR
-95.764	-127.851	LR
-99.649	-121.122	LR
-103.534	-114.393	LR
-107.419	-107.664	LR
-111.304	-100.935	LR
-115.189	-94.206	LR
-119.074	-87.477	LR
-122.959	-80.748	LR
-126.844	-74.019	LR
-130.729	-67.290	LR
-134.614	-60.561	LR
-138.499	-53.832	LR
-142.384	-47.103	LR
-146.269	-40.374	LR
-150.154	-33.645	LR
-154.039	-26.916	LR
-157.924	-20.187	LR
-161.809	-13.458	LR
-165.694	-6.729	LR
-169.579	0.000	LR
-173.464	6.729	LR
-177.349	13.458	LR
-181.234	20.187	LR
-185.119	26.916	LR
-189.004	33.645	LR
-192.889	40.374	LR
-196.774	47.103	LR
-200.659	53.832	LR
-204.544	60.561	LR
-208.429	67.290	LR
-212.314	74.019	LR
-216.199	80.748	LR
-220.084	87.477	LR
-223.969	94.206	LR
-227.854	100.935	LR
-231.739	107.664	LR
-84.109	-134.580	HR
-87.994	-127.851	LR
-91.879	-121.122	HR
-95.764	-114.393	LR
-99.649	-107.664	HR
-103.534	-100.935	LR
-107.419	-94.206	HR
-111.304	-87.477	LR
-115.189	-80.748	HR
-119.074	-74.019	LR
-122.959	-67.290	HR
-126.844	-60.561	LR
-130.729	-53.832	HR
-134.614	-47.103	LR
-138.499	-40.374	HR
-142.384	-33.645	LR
-146.269	-26.916	HR
-150.154	-20.187	LR
-154.039	-13.458	HR
-157.924	-6.729	LR
-161.809	0.000	HR
-165.694	6.729	LR
-169.579	13.458	HR
-173.464	20.187	LR
-177.349	26.916	HR
-181.234	33.645	LR
-185.119	40.374	HR
-189.004	47.103	LR
-192.889	53.832	HR
-196.774	60.561	LR
-200.659	67.290	HR
-204.544	74.019	LR
-208.429	80.748	HR
-212.314	87.477	LR
-216.199	94.206	HR
-220.084	100.935	LR
-223.969	107.664	HR
-227.854	114.393	LR
166.374	-5.550	LR
162.489	-12.279	LR
158.604	-19.008	LR
154.719	-25.737	LR
150.834	-32.466	LR
146.949	-39.195	LR
143.064	-45.924	LR
139.179	-52.653	LR
135.294	-59.382	LR
131.409	-66.111	LR
127.524	-72.840	LR
123.639	-79.569	LR
119.754	-86.298	LR
115.869	-93.027	LR
111.984	-99.756	LR
108.099	-106.485	LR
104.214	-113.214	LR
100.329	-119.943	LR
96.444	-126.672	LR
92.559	-133.401	LR
88.674	-140.130	LR
84.789	-146.859	LR
80.904	-153.588	LR
77.019	-160.317	LR
73.134	-167.046	LR
69.249	-173.775	LR
65.364	-180.504	LR
61.479	-187.233	LR
57.594	-193.962	LR
53.709	-200.692	LR
49.824	-207.421	LR
45.939	-214.150	LR
42.054	-220.879	LR
38.169	-227.608	LR
34.284	-234.337	LR
30.399	-241.066	LR
26.514	-247.795	LR
22.629	-254.524	LR
158.604	-5.550	HR
154.719	-12.279	LR
150.834	-19.008	HR
146.949	-25.737	LR
143.064	-32.466	HR
139.179	-39.195	LR
135.294	-45.924	HR
131.409	-52.653	LR
127.524	-59.382	HR
123.639	-66.111	LR
119.754	-72.840	HR
115.869	-79.569	LR
111.984	-86.298	HR
108.099	-93.027	LR
104.214	-99.756	HR
100.329	-106.485	LR
96.444	-113.214	HR
92.559	-119.943	LR
88.674	-126.672	HR
84.789	-133.401	LR
80.904	-140.130	HR
77.019	-146.859	LR
73.134	-153.588	HR
69.249	-160.317	LR
65.364	-167.046	HR
61.479	-173.775	LR
57.594	-180.504	HR
53.709	-187.233	LR
49.824	-193.962	HR
45.939	-200.692	LR
42.054	-207.421	HR
38.169	-214.150	LR
34.284	-220.879	HR
30.399	-227.608	LR
26.514	-234.337	HR
22.629	-241.066	LR
18.744	-247.795	HR
14.859	-254.524	LR
-86.151	160.317	LR
-78.381	160.317	LR
-70.611	160.317	LR
-62.841	160.317	LR
-55.071	160.317	LR
-47.301	160.317	LR
-39.531	160.317	LR
-31.761	160.317	LR
-23.991	160.317	LR
-16.221	160.317	LR
-8.451	160.317	LR
-0.681	160.317	LR
7.089	160.317	LR
14.859	160.317	LR
22.629	160.317	LR
30.399	160.317	LR
38.169	160.317	LR
45.939	160.317	LR
53.709	160.317	LR
61.479	160.317	LR
69.249	160.317	LR
77.019	160.317	LR
84.789	160.317	LR
92.559	160.317	LR
100.329	160.317	LR
108.099	160.317	LR
115.869	160.317	LR
123.639	160.317	LR
131.409	160.317	LR
139.179	160.317	LR
146.949	160.317	LR
154.719	160.317	LR
162.489	160.317	LR
170.259	160.317	LR
178.029	160.317	LR
185.799	160.317	LR
193.569	160.317	LR
201.339	160.317	LR
-82.266	153.588	HR
-74.496	153.588	LR
-66.726	153.588	HR
-58.956	153.588	LR
-51.186	153.588	HR
-43.416	153.588	LR
-35.646	153.588	HR
-27.876	153.588	LR
-20.106	153.588	HR
-12.336	153.588	LR
-4.566	153.588	HR
3.204	153.588	LR
10.974	153.588	HR
18.744	153.588	LR
26.514	153.588	HR
34.284	153.588	LR
42.054	153.588	HR
49.824	153.588	LR
57.594	153.588	HR
65.364	153.588	LR
73.134	153.588	HR
80.904	153.588	LR
88.674	153.588	HR
96.444	153.588	LR
104.214	153.588	HR
111.984	153.588	LR
119.754	153.588	HR
127.524	153.588	LR
135.294	153.588	HR
143.064	153.588	LR
150.834	153.588	HR
158.604	153.588	LR
166.374	153.588	HR
174.144	153.588	LR
181.914	153.588	HR
189.684	153.588	LR
197.454	153.588	HR
205.224	153.588	LR
-95.764	-154.767	LR
-99.649	-148.038	LR
-103.534	-141.309	LR
-107.419	-134.580	LR
-111.304	-127.851	LR
-115.189	-121.122	LR
-119.074	-114.393	LR
-122.959	-107.664	LR
-126.844	-100.935	LR
-130.729	-94.206	LR
-134.614	-87.477	LR
-138.499	-80.748	LR
-142.384	-74.019	LR
-146.269	-67.290	LR
-150.154	-60.561	LR
-154.039	-53.832	LR
-157.924	-47.103	LR
-161.809	-40.374	LR
-165.694	-33.645	LR
-169.579	-26.916	LR
-173.464	-20.187	LR
-177.349	-13.458	LR
-181.234	-6.729	LR
-185.119	0.000	LR
-189.004	6.729	LR
-192.889	13.458	LR
-196.774	20.187	LR
-200.659	26.916	LR
-204.544	33.645	LR
-208.429	40.374	LR
-212.314	47.103	LR
-216.199	53.832	LR
-220.084	60.561	LR
-223.969	67.290	LR
-227.854	74.019	LR
-231.739	80.748	LR
-235.624	87.477	LR
-239.509	94.206	LR
-91.879	-148.038	HR
-95.764	-141.309	LR
-99.649	-134.580	HR
-103.534	-127.851	LR
-107.419	-121.122	HR
-111.304	-114.393	LR
-115.189	-107.664	HR
-119.074	-100.935	LR
-122.959	-94.206	HR
-126.844	-87.477	LR
-130.729	-80.748	HR
-134.614	-74.019	LR
-138.499	-67.290	HR
-142.384	-60.561	LR
-146.269	-53.832	HR
-150.154	-47.103	LR
-154.039	-40.374	HR
-157.924	-33.645	LR
-161.809	-26.916	HR
-165.694	-20.187	LR
-169.579	-13.458	HR
-173.464	-6.729	LR
-177.349	0.000	HR
-181.234	6.729	LR
-185.119	13.458	HR
-189.004	20.187	LR
-192.889	26.916	HR
-196.774	33.645	LR
-200.659	40.374	HR
-204.544	47.103	LR
-208.429	53.832	HR
-212.314	60.561	LR
-216.199	67.290	HR
-220.084	74.019	LR
-223.969	80.748	HR
-227.854	87.477	LR
-231.739	94.206	HR
-235.624	100.935	LR
181.914	-5.550	LR
178.029	-12.279	LR
174.144	-19.008	LR
170.259	-25.737	LR
166.374	-32.466	LR
162.489	-39.195	LR
158.604	-45.924	LR
154.719	-52.653	LR
150.834	-59.382	LR
146.949	-66.111	LR
143.064	-72.840	LR
139.179	-79.569	LR
135.294	-86.298	LR
131.409	-93.027	LR
127.524	-99.756	LR
123.639	-106.485	LR
119.754	-113.214	LR
115.869	-119.943	LR
111.984	-126.672	LR
108.099	-133.401	LR
104.214	-140.130	LR
100.329	-146.859	LR
96.444	-153.588	LR
92.559	-160.317	LR
88.674	-167.046	LR
84.789	-173.775	LR
80.904	-180.504	LR
77.019	-187.233	LR
73.134	-193.962	LR
69.249	-200.692	LR
65.364	-207.421	LR
61.479	-214.150	LR
57.594	-220.879	LR
53.709	-227.608	LR
49.824	-234.337	LR
45.939	-241.066	LR
42.054	-247.795	LR
38.169	-254.524	LR
174.144	-5.550	HR
170.259	-12.279	LR
166.374	-19.008	HR
162.489	-25.737	LR
158.604	-32.466	HR
154.719	-39.195	LR
150.834	-45.924	HR
146.949	-52.653	LR
143.064	-59.382	HR
139.179	-66.111	LR
135.294	-72.840	HR
131.409	-79.569	LR
127.524	-86.298	HR
123.639	-93.027	LR
119.754	-99.756	HR
115.869	-106.485	LR
111.984	-113.214	HR
108.099	-119.943	LR
104.214	-126.672	HR
100.329	-133.401	LR
96.444	-140.130	HR
92.559	-146.859	LR
88.674	-153.588	HR
84.789	-160.317	LR
80.904	-167.046	HR
77.019	-173.775	LR
73.134	-180.504	HR
69.249	-187.233	LR
65.364	-193.962	HR
61.479	-200.692	LR
57.594	-207.421	HR
53.709	-214.150	LR
49.824	-220.879	HR
45.939	-227.608	LR
42.054	-234.337	HR
38.169	-241.066	LR
34.284	-247.795	HR
30.399	-254.524	LR
-93.921	173.775	LR
-86.151	173.775	LR
-78.381	173.775	LR
-70.611	173.775	LR
-62.841	173.775	LR
-55.071	173.775	LR
-47.301	173.775	LR
-39.531	173.775	LR
-31.761	173.775	LR
-23.991	173.775	LR
-16.221	173.775	LR
-8.451	173.775	LR
-0.681	173.775	LR
7.089	173.775	LR
14.859	173.775	LR
22.629	173.775	LR
30.399	173.775	LR
38.169	173.775	LR
45.939	173.775	LR
53.709	173.775	LR
61.479	173.775	LR
69.249	173.775	LR
77.019	173.775	LR
84.789	173.775	LR
92.559	173.775	LR
100.329	173.775	LR
108.099	173.775	LR
115.869	173.775	LR
123.639	173.775	LR
131.409	173.775	LR
139.179	173.775	LR
146.949	173.775	LR
154.719	173.775	LR
162.489	173.775	LR
170.259	173.775	LR
178.029	173.775	LR
185.799	173.775	LR
193.569	173.775	LR
-90.036	167.046	HR
-82.266	167.046	LR
-74.496	167.046	HR
-66.726	167.046	LR
-58.956	167.046	HR
-51.186	167.046	LR
-43.416	167.046	HR
-35.646	167.046	LR
-27.876	167.046	HR
-20.106	167.046	LR
-12.336	167.046	HR
-4.566	167.046	LR
3.204	167.046	HR
10.974	167.046	LR
18.744	167.046	HR
26.514	167.046	LR
34.284	167.046	HR
42.054	167.046	LR
49.824	167.046	HR
57.594	167.046	LR
65.364	167.046	HR
73.134	167.046	LR
80.904	167.046	HR
88.674	167.046	LR
96.444	167.046	HR
104.214	167.046	LR
111.984	167.046	HR
119.754	167.046	LR
127.524	167.046	HR
135.294	167.046	LR
143.064	167.046	HR
150.834	167.046	LR
158.604	167.046	HR
166.374	167.046	LR
174.144	167.046	HR
181.914	167.046	LR
189.684	167.046	HR
197.454	167.046	LR
-103.534	-168.225	LR
-107.419	-161.496	LR
-111.304	-154.767	LR
-115.189	-148.038	LR
-119.074	-141.309	LR
-122.959	-134.580	LR
-126.844	-127.851	LR
-130.729	-121.122	LR
-134.614	-114.393	LR
-138.499	-107.664	LR
-142.384	-100.935	LR
-146.269	-94.206	LR
-150.154	-87.477	LR
-154.039	-80.748	LR
-157.924	-74.019	LR
-161.809	-67.290	LR
-165.694	-60.561	LR
-169.579	-53.832	LR
-173.464	-47.103	LR
-177.349	-40.374	LR
-181.234	-33.645	LR
-185.119	-26.916	LR
-189.004	-20.187	LR
-192.889	-13.458	LR
-196.774	-6.729	LR
-200.659	0.000	LR
-204.544	6.729	LR
-208.429	13.458	LR
-212.314	20.187	LR
-216.199	26.916	LR
-220.084	33.645	LR
-223.969	40.374	LR
-227.854	47.103	LR
-231.739	53.832	LR
-235.624	60.561	LR
-239.509	67.290	LR
-243.394	74.019	LR
-247.279	80.748	LR
-99.649	-161.496	HR
-103.534	-154.767	LR
-107.419	-148.038	HR
-111.304	-141.309	LR
-115.189	-134.580	HR
-119.074	-127.851	LR
-122.959	-121.122	HR
-126.844	-114.393	LR
-130.729	-107.664	HR
-134.614	-100.935	LR
-138.499	-94.206	HR
-142.384	-87.477	LR
-146.269	-80.748	HR
-150.154	-74.019	LR
-154.039	-67.290	HR
-157.924	-60.561	LR
-161.809	-53.832	HR
-165.694	-47.103	LR
-169.579	-40.374	HR
-173.464	-33.645	LR
-177.349	-26.916	HR
-181.234	-20.187	LR
-185.119	-13.458	HR
-189.004	-6.729	LR
-192.889	0.000	HR
-196.774	6.729	LR
-200.659	13.458	HR
-204.544	20.187	LR
-208.429	26.916	HR
-212.314	33.645	LR
-216.199	40.374	HR
-220.084	47.103	LR
-223.969	53.832	HR
-227.854	60.561	LR
-231.739	67.290	HR
-235.624	74.019	LR
-239.509	80.748	HR
-243.394	87.477	LR
197.454	-5.550	LR
193.569	-12.279	LR
189.684	-19.008	LR
185.799	-25.737	LR
181.914	-32.466	LR
178.029	-39.195	LR
174.144	-45.924	LR
170.259	-52.653	LR
166.374	-59.382	LR
162.489	-66.111	LR
158.604	-72.840	LR
154.719	-79.569	LR
150.834	-86.298	LR
146.949	-93.027	LR
143.064	-99.756	LR
139.179	-106.485	LR
135.294	-113.214	LR
131.409	-119.943	LR
127.524	-126.672	LR
123.639	-133.401	LR
119.754	-140.130	LR
115.869	-146.859	LR
111.984	-153.588	LR
108.099	-160.317	LR
104.214	-167.046	LR
100.329	-173.775	LR
96.444	-180.504	LR
92.559	-187.233	LR
88.674	-193.962	LR
84.789	-200.692	LR
80.904	-207.421	LR
77.019	-214.150	LR
73.134	-220.879	LR
69.249	-227.608	LR
65.364	-234.337	LR
61.479	-241.066	LR
57.594	-247.795	LR
53.709	-254.524	LR
189.684	-5.550	HR
185.799	-12.279	LR
181.914	-19.008	HR
178.029	-25.737	LR
174.144	-32.466	HR
170.259	-39.195	LR
166.374	-45.924	HR
162.489	-52.653	LR
158.604	-59.382	HR
154.719	-66.111	LR
150.834	-72.840	HR
146.949	-79.569	LR
143.064	-86.298	HR
139.179	-93.027	LR
135.294	-99.756	HR
131.409	-106.485	LR
127.524	-113.214	HR
123.639	-119.943	LR
119.754	-126.672	HR
115.869	-133.401	LR
111.984	-140.130	HR
108.099	-146.859	LR
104.214	-153.588	HR
100.329	-160.317	LR
96.444	-167.046	HR
92.559	-173.775	LR
88.674	-180.504	HR
84.789	-187.233	LR
80.904	-193.962	HR
77.019	-200.692	LR
73.134	-207.421	HR
69.249	-214.150	LR
65.364	-220.879	HR
61.479	-227.608	LR
57.594	-234.337	HR
53.709	-241.066	LR
49.824	-247.795	HR
45.939	-254.524	LR
-101.691	187.233	LR
-93.921	187.233	LR
-86.151	187.233	LR
-78.381	187.233	LR
-70.611	187.233	LR
-62.841	187.233	LR
-55.071	187.233	LR
-47.301	187.233	LR
-39.531	187.233	LR
-31.761	187.233	LR
-23.991	187.233	LR
-16.221	187.233	LR
-8.451	187.233	LR
-0.681	187.233	LR
7.089	187.233	LR
14.859	187.233	LR
22.629	187.233	LR
30.399	187.233	LR
38.169	187.233	LR
45.939	187.233	LR
53.709	187.233	LR
61.479	187.233	LR
69.249	187.233	LR
77.019	187.233	LR
84.789	187.233	LR
92.559	187.233	LR
100.329	187.233	LR
108.099	187.233	LR
115.869	187.233	LR
123.639	187.233	LR
131.409	187.233	LR
139.179	187.233	LR
146.949	187.233	LR
154.719	187.233	LR
162.489	187.233	LR
170.259	187.233	LR
178.029	187.233	LR
185.799	187.233	LR
-97.806	180.504	HR
-90.036	180.504	LR
-82.266	180.504	HR
-74.496	180.504	LR
-66.726	180.504	HR
-58.956	180.504	LR
-51.186	180.504	HR
-43.416	180.504	LR
-35.646	180.504	HR
-27.876	180.504	LR
-20.106	180.504	HR
-12.336	180.504	LR
-4.566	180.504	HR
3.204	180.504	LR
10.974	180.504	HR
18.744	180.504	LR
26.514	180.504	HR
34.284	180.504	LR
42.054	180.504	HR
49.824	180.504	LR
57.594	180.504	HR
65.364	180.504	LR
73.134	180.504	HR
80.904	180.504	LR
88.674	180.504	HR
96.444	180.504	LR
104.214	180.504	HR
111.984	180.504	LR
119.754	180.504	HR
127.524	180.504	LR
135.294	180.504	HR
143.064	180.504	LR
150.834	180.504	HR
158.604	180.504	LR
166.374	180.504	HR
174.144	180.504	LR
181.914	180.504	HR
189.684	180.504	LR
-111.304	-181.683	LR
-115.189	-174.954	LR
-119.074	-168.225	LR
-122.959	-161.496	LR
-126.844	-154.767	LR
-130.729	-148.038	LR
-134.614	-141.309	LR
-138.499	-134.580	LR
-142.384	-127.851	LR
-146.269	-121.122	LR
-150.154	-114.393	LR
-154.039	-107.664	LR
-157.924	-100.935	LR
-161.809	-94.206	LR
-165.694	-87.477	LR
-169.579	-80.748	LR
-173.464	-74.019	LR
-177.349	-67.290	LR
-181.234	-60.561	LR
-185.119	-53.832	LR
-189.004	-47.103	LR
-192.889	-40.374	LR
-196.774	-33.645	LR
-200.659	-26.916	LR
-204.544	-20.187	LR
-208.429	-13.458	LR
-212.314	-6.729	LR
-216.199	0.000	LR
-220.084	6.729	LR
-223.969	13.458	LR
-227.854	20.187	LR
-231.739	26.916	LR
-235.624	33.645	LR
-239.509	40.374	LR
-243.394	47.103	LR
-247.279	53.832	LR
-251.164	60.561	LR
-255.049	67.290	LR
-107.419	-174.954	HR
-111.304	-168.225	LR
-115.189	-161.496	HR
-119.074	-154.767	LR
-122.959	-148.038	HR
-126.844	-141.309	LR
-130.729	-134.580	HR
-134.614	-127.851	LR
-138.499	-121.122	HR
-142.384	-114.393	LR
-146.269	-107.664	HR
-150.154	-100.935	LR
-154.039	-94.206	HR
-157.924	-87.477	LR
-161.809	-80.748	HR
-165.694	-74.019	LR
-169.579	-67.290	HR
-173.464	-60.561	LR
-177.349	-53.832	HR
-181.234	-47.103	LR
-185.119	-40.374	HR
-189.004	-33.645	LR
-192.889	-26.916	HR
-196.774	-20.187	LR
-200.659	-13.458	HR
-204.544	-6.729	LR
-208.429	0.000	HR
-212.314	6.729	LR
-216.199	13.458	HR
-220.084	20.187	LR
-223.969	26.916	HR
-227.854	33.645	LR
-231.739	40.374	HR
-235.624	47.103	LR
-239.509	53.832	HR
-243.394	60.561	LR
-247.279	67.290	HR
-251.164	74.019	LR
212.994	-5.550	LR
209.109	-12.279	LR
205.224	-19.008	LR
201.339	-25.737	LR
197.454	-32.466	LR
193.569	-39.195	LR
189.684	-45.924	LR
185.799	-52.653	LR
181.914	-59.382	LR
178.029	-66.111	LR
174.144	-72.840	LR
170.259	-79.569	LR
166.374	-86.298	LR
162.489	-93.027	LR
158.604	-99.756	LR
154.719	-106.485	LR
150.834	-113.214	LR
146.949	-119.943	LR
143.064	-126.672	LR
139.179	-133.401	LR
135.294	-140.130	LR
131.409	-146.859	LR
127.524	-153.588	LR
123.639	-160.317	LR
119.754	-167.046	LR
115.869	-173.775	LR
111.984	-180.504	LR
108.099	-187.233	LR
104.214	-193.962	LR
100.329	-200.692	LR
96.444	-207.421	LR
92.559	-214.150	LR
88.674	-220.879	LR
84.789	-227.608	LR
80.904	-234.337	LR
77.019	-241.066	LR
73.134	-247.795	LR
69.249	-254.524	LR
205.224	-5.550	HR
201.339	-12.279	LR
197.454	-19.008	HR
193.569	-25.737	LR
189.684	-32.466	HR
185.799	-39.195	LR
181.914	-45.924	HR
178.029	-52.653	LR
174.144	-59.382	HR
170.259	-66.111	LR
166.374	-72.840	HR
162.489	-79.569	LR
158.604	-86.298	HR
154.719	-93.027	LR
150.834	-99.756	HR
146.949	-106.485	LR
143.064	-113.214	HR
139.179	-119.943	LR
135.294	-126.672	HR
131.409	-133.401	LR
127.524	-140.130	HR
123.639	-146.859	LR
119.754	-153.588	HR
115.869	-160.317	LR
111.984	-167.046	HR
108.099	-173.775	LR
104.214	-180.504	HR
100.329	-187.233	LR
96.444	-193.962	HR
92.559	-200.692	LR
88.674	-207.421	HR
84.789	-214.150	LR
80.904	-220.879	HR
77.019	-227.608	LR
73.134	-234.337	HR
69.249	-241.066	LR
65.364	-247.795	HR
61.479	-254.524	LR
-109.461	200.692	LR
-101.691	200.692	LR
-93.921	200.692	LR
-86.151	200.692	LR
-78.381	200.692	LR
-70.611	200.692	LR
-62.841	200.692	LR
-55.071	200.692	LR
-47.301	200.692	LR
-39.531	200.692	LR
-31.761	200.692	LR
-23.991	200.692	LR
-16.221	200.692	LR
-8.451	200.692	LR
-0.681	200.692	LR
7.089	200.692	LR
14.859	200.692	LR
22.629	200.692	LR
30.399	200.692	LR
38.169	200.692	LR
45.939	200.692	LR
53.709	200.692	LR
61.479	200.692	LR
69.249	200.692	LR
77.019	200.692	LR
84.789	200.692	LR
92.559	200.692	LR
100.329	200.692	LR
108.099	200.692	LR
115.869	200.692	LR
123.639	200.692	LR
131.409	200.692	LR
139.179	200.692	LR
146.949	200.692	LR
154.719	200.692	LR
162.489	200.692	LR
170.259	200.692	LR
178.029	200.692	LR
-105.576	193.962	HR
-97.806	193.962	LR
-90.036	193.962	HR
-82.266	193.962	LR
-74.496	193.962	HR
-66.726	193.962	LR
-58.956	193.962	HR
-51.186	193.962	LR
-43.416	193.962	HR
-35.646	193.962	LR
-27.876	193.962	HR
-20.106	193.962	LR
-12.336	193.962	HR
-4.566	193.962	LR
3.204	193.962	HR
10.974	193.962	LR
18.744	193.962	HR
26.514	193.962	LR
34.284	193.962	HR
42.054	193.962	LR
49.824	193.962	HR
57.594	193.962	LR
65.364	193.962	HR
73.134	193.962	LR
80.904	193.962	HR
88.674	193.962	LR
96.444	193.962	HR
104.214	193.962	LR
111.984	193.962	HR
119.754	193.962	LR
127.524	193.962	HR
135.294	193.962	LR
143.064	193.962	HR
150.834	193.962	LR
158.604	193.962	HR
166.374	193.962	LR
174.144	193.962	HR
181.914	193.962	LR
-119.074	-195.141	LR
-122.959	-188.412	LR
-126.844	-181.683	LR
-130.729	-174.954	LR
-134.614	-168.225	LR
-138.499	-161.496	LR
-142.384	-154.767	LR
-146.269	-148.038	LR
-150.154	-141.309	LR
-154.039	-134.580	LR
-157.924	-127.851	LR
-161.809	-121.122	LR
-165.694	-114.393	LR
-169.579	-107.664	LR
-173.464	-100.935	LR
-177.349	-94.206	LR
-181.234	-87.477	LR
-185.119	-80.748	LR
-189.004	-74.019	LR
-192.889	-67.290	LR
-196.774	-60.561	LR
-200.659	-53.832	LR
-204.544	-47.103	LR
-208.429	-40.374	LR
-212.314	-33.645	LR
-216.199	-26.916	LR
-220.084	-20.187	LR
-223.969	-13.458	LR
-227.854	-6.729	LR
-231.739	0.000	LR
-235.624	6.729	LR
-239.509	13.458	LR
-243.394	20.187	LR
-247.279	26.916	LR
-251.164	33.645	LR
-255.049	40.374	LR
-258.934	47.103	LR
-262.819	53.832	LR
-115.189	-188.412	HR
-119.074	-181.683	LR
-122.959	-174.954	HR
-126.844	-168.225	LR
-130.729	-161.496	HR
-134.614	-154.767	LR
-138.499	-148.038	HR
-142.384	-141.309	LR
-146.269	-134.580	HR
-150.154	-127.851	LR
-154.039	-121.122	HR
-157.924	-114.393	LR
-161.809	-107.664	HR
-165.694	-100.935	LR
-169.579	-94.206	HR
-173.464	-87.477	LR
-177.349	-80.748	HR
-181.234	-74.019	LR
-185.119	-67.290	HR
-189.004	-60.561	LR
-192.889	-53.832	HR
-196.774	-47.103	LR
-200.659	-40.374	HR
-204.544	-33.645	LR
-208.429	-26.916	HR
-212.314	-20.187	LR
-216.199	-13.458	HR
-220.084	-6.729	LR
-223.969	0.000	HR
-227.854	6.729	LR
-231.739	13.458	HR
-235.624	20.187	LR
-239.509	26.916	HR
-243.394	33.645	LR
-247.279	40.374	HR
-251.164	47.103	LR
-255.049	53.832	HR
-258.934	60.561	LR
228.534	-5.550	LR
224.649	-12.279	LR
220.764	-19.008	LR
216.879	-25.737	LR
212.994	-32.466	LR
209.109	-39.195	LR
205.224	-45.924	LR
201.339	-52.653	LR
197.454	-59.382	LR
193.569	-66.111	LR
189.684	-72.840	LR
185.799	-79.569	LR
181.914	-86.298	LR
178.029	-93.027	LR
174.144	-99.756	LR
170.259	-106.485	LR
166.374	-113.214	LR
162.489	-119.943	LR
158.604	-126.672	LR
154.719	-133.401	LR
150.834	-140.130	LR
146.949	-146.859	LR
143.064	-153.588	LR
139.179	-160.317	LR
135.294	-167.046	LR
131.409	-173.775	LR
127.524	-180.504	LR
123.639	-187.233	LR
119.754	-193.962	LR
115.869	-200.692	LR
111.984	-207.421	LR
108.099	-214.150	LR
104.214	-220.879	LR
100.329	-227.608	LR
96.444	-234.337	LR
92.559	-241.066	LR
88.674	-247.795	LR
84.789	-254.524	LR
220.764	-5.550	HR
216.879	-12.279	LR
212.994	-19.008	HR
209.109	-25.737	LR
205.224	-32.466	HR
201.339	-39.195	LR
197.454	-45.924	HR
193.569	-52.653	LR
189.684	-59.382	HR
185.799	-66.111	LR
181.914	-72.840	HR
178.029	-79.569	LR
174.144	-86.298	HR
170.259	-93.027	LR
166.374	-99.756	HR
162.489	-106.485	LR
158.604	-113.214	HR
154.719	-119.943	LR
150.834	-126.672	HR
146.949	-133.401	LR
143.064	-140.130	HR
139.179	-146.859	LR
135.294	-153.588	HR
131.409	-160.317	LR
127.524	-167.046	HR
123.639	-173.775	LR
119.754	-180.504	HR
115.869	-187.233	LR
111.984	-193.962	HR
108.099	-200.692	LR
104.214	-207.421	HR
100.329	-214.150	LR
96.444	-220.879	HR
92.559	-227.608	LR
88.674	-234.337	HR
84.789	-241.066	LR
80.904	-247.795	HR
77.019	-254.524	LR
-117.231	214.150	LR
-109.461	214.150	LR
-101.691	214.150	LR
-93.921	214.150	LR
-86.151	214.150	LR
-78.381	214.150	LR
-70.611	214.150	LR
-62.841	214.150	LR
-55.071	214.150	LR
-47.301	214.150	LR
-39.531	214.150	LR
-31.761	214.150	LR
-23.991	214.150	LR
-16.221	214.150	LR
-8.451	214.150	LR
-0.681	214.150	LR
7.089	214.150	LR
14.859	214.150	LR
22.629	214.150	LR
30.399	214.150	LR
38.169	214.150	LR
45.939	214.150	LR
53.709	214.150	LR
61.479	214.150	LR
69.249	214.150	LR
77.019	214.150	LR
84.789	214.150	LR
92.559	214.150	LR
100.329	214.150	LR
108.099	214.150	LR
115.869	214.150	LR
123.639	214.150	LR
131.409	214.150	LR
139.179	214.150	LR
146.949	214.150	LR
154.719	214.150	LR
162.489	214.150	LR
170.259	214.150	LR
-113.346	207.421	HR
-105.576	207.421	LR
-97.806	207.421	HR
-90.036	207.421	LR
-82.266	207.421	HR
-74.496	207.421	LR
-66.726	207.421	HR
-58.956	207.421	LR
-51.186	207.421	HR
-43.416	207.421	LR
-35.646	207.421	HR
-27.876	207.421	LR
-20.106	207.421	HR
-12.336	207.421	LR
-4.566	207.421	HR
3.204	207.421	LR
10.974	207.421	HR
18.744	207.421	LR
26.514	207.421	HR
34.284	207.421	LR
42.054	207.421	HR
49.824	207.421	LR
57.594	207.421	HR
65.364	207.421	LR
73.134	207.421	HR
80.904	207.421	LR
88.674	207.421	HR
96.444	207.421	LR
104.214	207.421	HR
111.984	207.421	LR
119.754	207.421	HR
127.524	207.421	LR
135.294	207.421	HR
143.064	207.421	LR
150.834	207.421	HR
158.604	207.421	LR
166.374	207.421	HR
174.144	207.421	LR
-126.844	-208.600	LR
-130.729	-201.871	LR
-134.614	-195.141	LR
-138.499	-188.412	LR
-142.384	-181.683	LR
-146.269	-174.954	LR
-150.154	-168.225	LR
-154.039	-161.496	LR
-157.924	-154.767	LR
-161.809	-148.038	LR
-165.694	-141.309	LR
-169.579	-134.580	LR
-173.464	-127.851	LR
-177.349	-121.122	LR
-181.234	-114.393	LR
-185.119	-107.664	LR
-189.004	-100.935	LR
-192.889	-94.206	LR
-196.774	-87.477	LR
-200.659	-80.748	LR
-204.544	-74.019	LR
-208.429	-67.290	LR
-212.314	-60.561	LR
-216.199	-53.832	LR
-220.084	-47.103	LR
-223.969	-40.374	LR
-227.854	-33.645	LR
-231.739	-26.916	LR
-235.624	-20.187	LR
-239.509	-13.458	LR
-243.394	-6.729	LR
-247.279	0.000	LR
-251.164	6.729	LR
-255.049	13.458	LR
-258.934	20.187	LR
-262.819	26.916	LR
-266.704	33.645	LR
-270.589	40.374	LR
-122.959	-201.871	HR
-126.844	-195.141	LR
-130.729	-188.412	HR
-134.614	-181.683	LR
-138.499	-174.954	HR
-142.384	-168.225	LR
-146.269	-161.496	HR
-150.154	-154.767	LR
-154.039	-148.038	HR
-157.924	-141.309	LR
-161.809	-134.580	HR
-165.694	-127.851	LR
-169.579	-121.122	HR
-173.464	-114.393	LR
-177.349	-107.664	HR
-181.234	-100.935	LR
-185.119	-94.206	HR
-189.004	-87.477	LR
-192.889	-80.748	HR
-196.774	-74.019	LR
-200.659	-67.290	HR
-204.544	-60.561	LR
-208.429	-53.832	HR
-212.314	-47.103	LR
-216.199	-40.374	HR
-220.084	-33.645	LR
-223.969	-26.916	HR
-227.854	-20.187	LR
-231.739	-13.458	HR
-235.624	-6.729	LR
-239.509	0.000	HR
-243.394	6.729	LR
-247.279	13.458	HR
-251.164	20.187	LR
-255.049	26.916	HR
-258.934	33.645	LR
-262.819	40.374	HR
-266.704	47.103	LR
244.074	-5.550	LR
240.189	-12.279	LR
236.304	-19.008	LR
232.419	-25.737	LR
228.534	-32.466	LR
224.649	-39.195	LR
220.764	-45.924	LR
216.879	-52.653	LR
212.994	-59.382	LR
209.109	-66.111	LR
205.224	-72.840	LR
201.339	-79.569	LR
197.454	-86.298	LR
193.569	-93.027	LR
189.684	-99.756	LR
185.799	-106.485	LR
181.914	-113.214	LR
178.029	-119.943	LR
174.144	-126.672	LR
170.259	-133.401	LR
166.374	-140.130	LR
162.489	-146.859	LR
158.604	-153.588	LR
154.719	-160.317	LR
150.834	-167.046	LR
146.949	-173.775	LR
143.064	-180.504	LR
139.179	-187.233	LR
135.294	-193.962	LR
131.409	-200.692	LR
127.524	-207.421	LR
123.639	-214.150	LR
119.754	-220.879	LR
115.869	-227.608	LR
111.984	-234.337	LR
108.099	-241.066	LR
104.214	-247.795	LR
100.329	-254.524	LR
236.304	-5.550	HR
232.419	-12.279	LR
228.534	-19.008	HR
224.649	-25.737	LR
220.764	-32.466	HR
216.879	-39.195	LR
212.994	-45.924	HR
209.109	-52.653	LR
205.224	-59.382	HR
201.339	-66.111	LR
197.454	-72.840	HR
193.569	-79.569	LR
189.684	-86.298	HR
185.799	-93.027	LR
181.914	-99.756	HR
178.029	-106.485	LR
174.144	-113.214	HR
170.259	-119.943	LR
166.374	-126.672	HR
162.489	-133.401	LR
158.604	-140.130	HR
154.719	-146.859	LR
150.834	-153.588	HR
146.949	-160.317	LR
143.064	-167.046	HR
139.179	-173.775	LR
135.294	-180.504	HR
131.409	-187.233	LR
127.524	-193.962	HR
123.639	-200.692	LR
119.754	-207.421	HR
115.869	-214.150	LR
111.984	-220.879	HR
108.099	-227.608	LR
104.214	-234.337	HR
100.329	-241.066	LR
96.444	-247.795	HR
92.559	-254.524	LR
-125.001	227.608	LR
-117.231	227.608	LR
-109.461	227.608	LR
-101.691	227.608	LR
-93.921	227.608	LR
-86.151	227.608	LR
-78.381	227.608	LR
-70.611	227.608	LR
-62.841	227.608	LR
-55.071	227.608	LR
-47.301	227.608	LR
-39.531	227.608	LR
-31.761	227.608	LR
-23.991	227.608	LR
-16.221	227.608	LR
-8.451	227.608	LR
-0.681	227.608	LR
7.089	227.608	LR
14.859	227.608	LR
22.629	227.608	LR
30.399	227.608	LR
38.169	227.608	LR
45.939	227.608	LR
53.709	227.608	LR
61.479	227.608	LR
69.249	227.608	LR
77.019	227.608	LR
84.789	227.608	LR
92.559	227.608	LR
100.329	227.608	LR
108.099	227.608	LR
115.869	227.608	LR
123.639	227.608	LR
131.409	227.608	LR
139.179	227.608	LR
146.949	227.608	LR
154.719	227.608	LR
162.489	227.608	LR
-121.116	220.879	HR
-113.346	220.879	LR
-105.576	220.879	HR
-97.806	220.879	LR
-90.036	220.879	HR
-82.266	220.879	LR
-74.496	220.879	HR
-66.726	220.879	LR
-58.956	220.879	HR
-51.186	220.879	LR
-43.416	220.879	HR
-35.646	220.879	LR
-27.876	220.879	HR
-20.106	220.879	LR
-12.336	220.879	HR
-4.566	220.879	LR
3.204	220.879	HR
10.974	220.879	LR
18.744	220.879	HR
26.514	220.879	LR
34.284	220.879	HR
42.054	220.879	LR
49.824	220.879	HR
57.594	220.879	LR
65.364	220.879	HR
73.134	220.879	LR
80.904	220.879	HR
88.674	220.879	LR
96.444	220.879	HR
104.214	220.879	LR
111.984	220.879	HR
119.754	220.879	LR
127.524	220.879	HR
135.294	220.879	LR
143.064	220.879	HR
150.834	220.879	LR
158.604	220.879	HR
166.374	220.879	LR
-134.614	-222.058	LR
-138.499	-215.329	LR
-142.384	-208.600	LR
-146.269	-201.871	LR
-150.154	-195.141	LR
-154.039	-188.412	LR
-157.924	-181.683	LR
-161.809	-174.954	LR
-165.694	-168.225	LR
-169.579	-161.496	LR
-173.464	-154.767	LR
-177.349	-148.038	LR
-181.234	-141.309	LR
-185.119	-134.580	LR
-189.004	-127.851	LR
-192.889	-121.122	LR
-196.774	-114.393	LR
-200.659	-107.664	LR
-204.544	-100.935	LR
-208.429	-94.206	LR
-212.314	-87.477	LR
-216.199	-80.748	LR
-220.084	-74.019	LR
-223.969	-67.290	LR
-227.854	-60.561	LR
-231.739	-53.832	LR
-235.624	-47.103	LR
-239.509	-40.374	LR
-243.394	-33.645	LR
-247.279	-26.916	LR
-251.164	-20.187	LR
-255.049	-13.458	LR
-258.934	-6.729	LR
-262.819	0.000	LR
-266.704	6.729	LR
-270.589	13.458	LR
-274.474	20.187	LR
-278.359	26.916	LR
-130.729	-215.329	HR
-134.614	-208.600	LR
-138.499	-201.871	HR
-142.384	-195.141	LR
-146.269	-188.412	HR
-150.154	-181.683	LR
-154.039	-174.954	HR
-157.924	-168.225	LR
-161.809	-161.496	HR
-165.694	-154.767	LR
-169.579	-148.038	HR
-173.464	-141.309	LR
-177.349	-134.580	HR
-181.234	-127.851	LR
-185.119	-121.122	HR
-189.004	-114.393	LR
-192.889	-107.664	HR
-196.774	-100.935	LR
-200.659	-94.206	HR
-204.544	-87.477	LR
-208.429	-80.748	HR
-212.314	-74.019	LR
-216.199	-67.290	HR
-220.084	-60.561	LR
-223.969	-53.832	HR
-227.854	-47.103	LR
-231.739	-40.374	HR
-235.624	-33.645	LR
-239.509	-26.916	HR
-243.394	-20.187	LR
-247.279	-13.458	HR
-251.164	-6.729	LR
-255.049	0.000	HR
-258.934	6.729	LR
-262.819	13.458	HR
-266.704	20.187	LR
-270.589	26.916	HR
-274.474	33.645	LR
259.614	-5.550	LR
255.729	-12.279	LR
251.844	-19.008	LR
247.959	-25.737	LR
244.074	-32.466	LR
240.189	-39.195	LR
236.304	-45.924	LR
232.419	-52.653	LR
228.534	-59.382	LR
224.649	-66.111	LR
220.764	-72.840	LR
216.879	-79.569	LR
212.994	-86.298	LR
209.109	-93.027	LR
205.224	-99.756	LR
201.339	-106.485	LR
197.454	-113.214	LR
193.569	-119.943	LR
189.684	-126.672	LR
185.799	-133.401	LR
181.914	-140.130	LR
178.029	-146.859	LR
174.144	-153.588	LR
170.259	-160.317	LR
166.374	-167.046	LR
162.489	-173.775	LR
158.604	-180.504	LR
154.719	-187.233	LR
150.834	-193.962	LR
146.949	-200.692	LR
143.064	-207.421	LR
139.179	-214.150	LR
135.294	-220.879	LR
131.409	-227.608	LR
127.524	-234.337	LR
123.639	-241.066	LR
119.754	-247.795	LR
115.869	-254.524	LR
251.844	-5.550	HR
247.959	-12.279	LR
244.074	-19.008	HR
240.189	-25.737	LR
236.304	-32.466	HR
232.419	-39.195	LR
228.534	-45.924	HR
224.649	-52.653	LR
220.764	-59.382	HR
216.879	-66.111	LR
212.994	-72.840	HR
209.109	-79.569	LR
205.224	-86.298	HR
201.339	-93.027	LR
197.454	-99.756	HR
193.569	-106.485	LR
189.684	-113.214	HR
185.799	-119.943	LR
181.914	-126.672	HR
178.029	-133.401	LR
174.144	-140.130	HR
170.259	-146.859	LR
166.374	-153.588	HR
162.489	-160.317	LR
158.604	-167.046	HR
154.719	-173.775	LR
150.834	-180.504	HR
146.949	-187.233	LR
143.064	-193.962	HR
139.179	-200.692	LR
135.294	-207.421	HR
131.409	-214.150	LR
127.524	-220.879	HR
123.639	-227.608	LR
119.754	-234.337	HR
115.869	-241.066	LR
111.984	-247.795	HR
108.099	-254.524	LR
-132.771	241.066	LR
-125.001	241.066	LR
-117.231	241.066	LR
-109.461	241.066	LR
-101.691	241.066	LR
-93.921	241.066	LR
-86.151	241.066	LR
-78.381	241.066	LR
-70.611	241.066	LR
-62.841	241.066	LR
-55.071	241.066	LR
-47.301	241.066	LR
-39.531	241.066	LR
-31.761	241.066	LR
-23.991	241.066	LR
-16.221	241.066	LR
-8.451	241.066	LR
-0.681	241.066	LR
7.089	241.066	LR
14.859	241.066	LR
22.629	241.066	LR
30.399	241.066	LR
38.169	241.066	LR
45.939	241.066	LR
53.709	241.066	LR
61.479	241.066	LR
69.249	241.066	LR
77.019	241.066	LR
84.789	241.066	LR
92.559	241.066	LR
100.329	241.066	LR
108.099	241.066	LR
115.869	241.066	LR
123.639	241.066	LR
131.409	241.066	LR
139.179	241.066	LR
146.949	241.066	LR
154.719	241.066	LR
-128.886	234.337	HR
-121.116	234.337	LR
-113.346	234.337	HR
-105.576	234.337	LR
-97.806	234.337	HR
-90.036	234.337	LR
-82.266	234.337	HR
-74.496	234.337	LR
-66.726	234.337	HR
-58.956	234.337	LR
-51.186	234.337	HR
-43.416	234.337	LR
-35.646	234.337	HR
-27.876	234.337	LR
-20.106	234.337	HR
-12.336	234.337	LR
-4.566	234.337	HR
3.204	234.337	LR
10.974	234.337	HR
18.744	234.337	LR
26.514	234.337	HR
34.284	234.337	LR
42.054	234.337	HR
49.824	234.337	LR
57.594	234.337	HR
65.364	234.337	LR
73.134	234.337	HR
80.904	234.337	LR
88.674	234.337	HR
96.444	234.337	LR
104.214	234.337	HR
111.984	234.337	LR
119.754	234.337	HR
127.524	234.337	LR
135.294	234.337	HR
143.064	234.337	LR
150.834	234.337	HR
158.604	234.337	LR
-142.384	-235.516	LR
-146.269	-228.787	LR
-150.154	-222.058	LR
-154.039	-215.329	LR
-157.924	-208.600	LR
-161.809	-201.871	LR
-165.694	-195.141	LR
-169.579	-188.412	LR
-173.464	-181.683	LR
-177.349	-174.954	LR
-181.234	-168.225	LR
-185.119	-161.496	LR
-189.004	-154.767	LR
-192.889	-148.038	LR
-196.774	-141.309	LR
-200.659	-134.580	LR
-204.544	-127.851	LR
-208.429	-121.122	LR
-212.314	-114.393	LR
-216.199	-107.664	LR
-220.084	-100.935	LR
-223.969	-94.206	LR
-227.854	-87.477	LR
-231.739	-80.748	LR
-235.624	-74.019	LR
-239.509	-67.290	LR
-243.394	-60.561	LR
-247.279	-53.832	LR
-251.164	-47.103	LR
-255.049	-40.374	LR
-258.934	-33.645	LR
-262.819	-26.916	LR
-266.704	-20.187	LR
-270.589	-13.458	LR
-274.474	-6.729	LR
-278.359	0.000	LR
-282.244	6.729	LR
-286.129	13.458	LR
-138.499	-228.787	HR
-142.384	-222.058	LR
-146.269	-215.329	HR
-150.154	-208.600	LR
-154.039	-201.871	HR
-157.924	-195.141	LR
-161.809	-188.412	HR
-165.694	-181.683	LR
-169.579	-174.954	HR
-173.464	-168.225	LR
-177.349	-161.496	HR
-181.234	-154.767	LR
-185.119	-148.038	HR
-189.004	-141.309	LR
-192.889	-134.580	HR
-196.774	-127.851	LR
-200.659	-121.122	HR
-204.544	-114.393	LR
-208.429	-107.664	HR
-212.314	-100.935	LR
-216.199	-94.206	HR
-220.084	-87.477	LR
-223.969	-80.748	HR
-227.854	-74.019	LR
-231.739	-67.290	HR
-235.624	-60.561	LR
-239.509	-53.832	HR
-243.394	-47.103	LR
-247.279	-40.374	HR
-251.164	-33.645	LR
-255.049	-26.916	HR
-258.934	-20.187	LR
-262.819	-13.458	HR
-266.704	-6.729	LR
-270.589	0.000	HR
-274.474	6.729	LR
-278.359	13.458	HR
-282.244	20.187	LR
275.154	-5.550	LR
271.269	-12.279	LR
267.384	-19.008	LR
263.499	-25.737	LR
259.614	-32.466	LR
255.729	-39.195	LR
251.844	-45.924	LR
247.959	-52.653	LR
244.074	-59.382	LR
240.189	-66.111	LR
236.304	-72.840	LR
232.419	-79.569	LR
228.534	-86.298	LR
224.649	-93.027	LR
220.764	-99.756	LR
216.879	-106.485	LR
212.994	-113.214	LR
209.109	-119.943	LR
205.224	-126.672	LR
201.339	-133.401	LR
197.454	-140.130	LR
193.569	-146.859	LR
189.684	-153.588	LR
185.799	-160.317	LR
181.914	-167.046	LR
178.029	-173.775	LR
174.144	-180.504	LR
170.259	-187.233	LR
166.374	-193.962	LR
162.489	-200.692	LR
158.604	-207.421	LR
154.719	-214.150	LR
150.834	-220.879	LR
146.949	-227.608	LR
143.064	-234.337	LR
139.179	-241.066	LR
135.294	-247.795	LR
131.409	-254.524	LR
267.384	-5.550	HR
263.499	-12.279	LR
259.614	-19.008	HR
255.729	-25.737	LR
251.844	-32.466	HR
247.959	-39.195	LR
244.074	-45.924	HR
240.189	-52.653	LR
236.304	-59.382	HR
232.419	-66.111	LR
228.534	-72.840	HR
224.649	-79.569	LR
220.764	-86.298	HR
216.879	-93.027	LR
212.994	-99.756	HR
209.109	-106.485	LR
205.224	-113.214	HR
201.339	-119.943	LR
197.454	-126.672	HR
193.569	-133.401	LR
189.684	-140.130	HR
185.799	-146.859	LR
181.914	-153.588	HR
178.029	-160.317	LR
174.144	-167.046	HR
170.259	-173.775	LR
166.374	-180.504	HR
162.489	-187.233	LR
158.604	-193.962	HR
154.719	-200.692	LR
150.834	-207.421	HR
146.949	-214.150	LR
143.064	-220.879	HR
139.179	-227.608	LR
135.294	-234.337	HR
131.409	-241.066	LR
127.524	-247.795	HR
123.639	-254.524	LR
-140.541	254.524	LR
-132.771	254.524	LR
-125.001	254.524	LR
-117.231	254.524	LR
-109.461	254.524	LR
-101.691	254.524	LR
-93.921	254.524	LR
-86.151	254.524	LR
-78.381	254.524	LR
-70.611	254.524	LR
-62.841	254.524	LR
-55.071	254.524	LR
-47.301	254.524	LR
-39.531	254.524	LR
-31.761	254.524	LR
-23.991	254.524	LR
-16.221	254.524	LR
-8.451	254.524	LR
-0.681	254.524	LR
7.089	254.524	LR
14.859	254.524	LR
22.629	254.524	LR
30.399	254.524	LR
38.169	254.524	LR
45.939	254.524	LR
53.709	254.524	LR
61.479	254.524	LR
69.249	254.524	LR
77.019	254.524	LR
84.789	254.524	LR
92.559	254.524	LR
100.329	254.524	LR
108.099	254.524	LR
115.869	254.524	LR
123.639	254.524	LR
131.409	254.524	LR
139.179	254.524	LR
146.949	254.524	LR
-136.656	247.795	HR
-128.886	247.795	LR
-121.116	247.795	HR
-113.346	247.795	LR
-105.576	247.795	HR
-97.806	247.795	LR
-90.036	247.795	HR
-82.266	247.795	LR
-74.496	247.795	HR
-66.726	247.795	LR
-58.956	247.795	HR
-51.186	247.795	LR
-43.416	247.795	HR
-35.646	247.795	LR
-27.876	247.795	HR
-20.106	247.795	LR
-12.336	247.795	HR
-4.566	247.795	LR
3.204	247.795	HR
10.974	247.795	LR
18.744	247.795	HR
26.514	247.795	LR
34.284	247.795	HR
42.054	247.795	LR
49.824	247.795	HR
57.594	247.795	LR
65.364	247.795	HR
73.134	247.795	LR
80.904	247.795	HR
88.674	247.795	LR
96.444	247.795	HR
104.214	247.795	LR
111.984	247.795	HR
119.754	247.795	LR
127.524	247.795	HR
135.294	247.795	LR
143.064	247.795	HR
150.834	247.795	LR
-150.154	-248.974	LR
-154.039	-242.245	LR
-157.924	-235.516	LR
-161.809	-228.787	LR
-165.694	-222.058	LR
-169.579	-215.329	LR
-173.464	-208.600	LR
-177.349	-201.871	LR
-181.234	-195.141	LR
-185.119	-188.412	LR
-189.004	-181.683	LR
-192.889	-174.954	LR
-196.774	-168.225	LR
-200.659	-161.496	LR
-204.544	-154.767	LR
-208.429	-148.038	LR
-212.314	-141.309	LR
-216.199	-134.580	LR
-220.084	-127.851	LR
-223.969	-121.122	LR
-227.854	-114.393	LR
-231.739	-107.664	LR
-235.624	-100.935	LR
-239.509	-94.206	LR
-243.394	-87.477	LR
-247.279	-80.748	LR
-251.164	-74.019	LR
-255.049	-67.290	LR
-258.934	-60.561	LR
-262.819	-53.832	LR
-266.704	-47.103	LR
-270.589	-40.374	LR
-274.474	-33.645	LR
-278.359	-26.916	LR
-282.244	-20.187	LR
-286.129	-13.458	LR
-290.014	-6.729	LR
-293.899	0.000	LR
-146.269	-242.245	HR
-150.154	-235.516	LR
-154.039	-228.787	HR
-157.924	-222.058	LR
-161.809	-215.329	HR
-165.694	-208.600	LR
-169.579	-201.871	HR
-173.464	-195.141	LR
-177.349	-188.412	HR
-181.234	-181.683	LR
-185.119	-174.954	HR
-189.004	-168.225	LR
-192.889	-161.496	HR
-196.774	-154.767	LR
-200.659	-148.038	HR
-204.544	-141.309	LR
-208.429	-134.580	HR
-212.314	-127.851	LR
-216.199	-121.122	HR
-220.084	-114.393	LR
-223.969	-107.664	HR
-227.854	-100.935	LR
-231.739	-94.206	HR
-235.624	-87.477	LR
-239.509	-80.748	HR
-243.394	-74.019	LR
-247.279	-67.290	HR
-251.164	-60.561	LR
-255.049	-53.832	HR
-258.934	-47.103	LR
-262.819	-40.374	HR
-266.704	-33.645	LR
-270.589	-26.916	HR
-274.474	-20.187	LR
-278.359	-13.458	HR
-282.244	-6.729	LR
-286.129	0.000	HR
-290.014	6.729	LR
290.694	-5.550	LR
286.809	-12.279	LR
282.924	-19.008	LR
279.039	-25.737	LR
275.154	-32.466	LR
271.269	-39.195	LR
267.384	-45.924	LR
263.499	-52.653	LR
259.614	-59.382	LR
255.729	-66.111	LR
251.844	-72.840	LR
247.959	-79.569	LR
244.074	-86.298	LR
240.189	-93.027	LR
236.304	-99.756	LR
232.419	-106.485	LR
228.534	-113.214	LR
224.649	-119.943	LR
220.764	-126.672	LR
216.879	-133.401	LR
212.994	-140.130	LR
209.109	-146.859	LR
205.224	-153.588	LR
201.339	-160.317	LR
197.454	-167.046	LR
193.569	-173.775	LR
189.684	-180.504	LR
185.799	-187.233	LR
181.914	-193.962	LR
178.029	-200.692	LR
174.144	-207.421	LR
170.259	-214.150	LR
166.374	-220.879	LR
162.489	-227.608	LR
158.604	-234.337	LR
154.719	-241.066	LR
150.834	-247.795	LR
146.949	-254.524	LR
282.924	-5.550	HR
279.039	-12.279	LR
275.154	-19.008	HR
271.269	-25.737	LR
267.384	-32.466	HR
263.499	-39.195	LR
259.614	-45.924	HR
255.729	-52.653	LR
251.844	-59.382	HR
247.959	-66.111	LR
244.074	-72.840	HR
240.189	-79.569	LR
236.304	-86.298	HR
232.419	-93.027	LR
228.534	-99.756	HR
224.649	-106.485	LR
220.764	-113.214	HR
216.879	-119.943	LR
212.994	-126.672	HR
209.109	-133.401	LR
205.224	-140.130	HR
201.339	-146.859	LR
197.454	-153.588	HR
193.569	-160.317	LR
189.684	-167.046	HR
185.799	-173.775	LR
181.914	-180.504	HR
178.029	-187.233	LR
174.144	-193.962	HR
170.259	-200.692	LR
166.374	-207.421	HR
162.489	-214.150	LR
158.604	-220.879	HR
154.719	-227.608	LR
150.834	-234.337	HR
146.949	-241.066	LR
143.064	-247.795	HR
139.179	-254.524	LR
